148.9481060461546
148.94807110791007
148.94800123177077
148.9478964176492
148.9477566656327
148.94758197580882
148.94737234843979
148.94712778361304
148.94684828159075
148.94653384263484
148.9461844670957
148.94580015532256
148.94538090766468
148.94492672429783
148.9444376060951
148.94391355288235
148.9433545657962
148.9427606448353
148.94213179113785
148.94146800461522
148.94076928631648
148.9400356369415
148.93926705692684
148.93846354705875
148.93762510838815
148.93675174126201
148.93584344655665
148.9349002255817
148.93392207877605
148.93290900709962
148.93186101160063
148.93077809341867
148.92966025333772
148.9285074922327
148.92731981167708
148.92609721245753
148.92483969571003
148.9235472629216
148.92221991496626
148.92085765306638
148.91946047879628
148.91802839338106
148.91656139777933
148.9150594939174
148.9135226829294
148.91195096630236
148.91034434534686
148.90870282198648
148.90702639735719
148.90531507312062
148.90356885102483
148.9017877325541
148.89997171946015
148.89812081331274
148.8962350161246
148.89431432946913
148.89235875517988
148.89036829492215
148.8883429509624
148.8862827248813
148.88418761876892
148.88205763438236
148.87989277372253
148.87769303915775
148.87545843269254
148.8731889560804
148.87088461159146
148.8685454014958
148.8661713280726
148.86376239306264
148.86131859944544
148.85883994887445
148.8563264438908
148.85377808711382
148.85119488055534
148.8485768267492
148.84592392831837
148.8432361876221
148.84051360702142
148.83775618940308
148.83496393694622
148.8321368528068
148.8292749389857
148.82637819872434
148.82344663438016
148.82048024901087
148.81747904515578
148.81444302552154
148.81137219325683
148.80826655097917
148.80512610193182
148.80195084881598
148.7987407945202
148.79549594219134
148.79221629489075
148.7889018556707
148.78555262760165
148.7821686137322
148.77874981738933
148.77529624172166
148.7718078901362
148.76828476551418
148.76472687135902
148.76113421107402
148.757506787897
148.75384460532223
148.75014766693675
148.74641597579466
148.74264953565944
148.73884834993987
148.73501242230668
148.73114175625233
148.72723635562943
148.72329622384132
148.71932136456962
148.71531178155783
148.7112674786622
148.70718845972806
148.70307472860077
148.6989262886891
148.6947431443623
148.690525299382
148.6862727575899
148.68198552301328
148.6776635997594
148.67330699184095
148.66891570337248
148.6644897382066
148.6600291007053
148.65553379523772
148.65100382557284
148.64643919606897
148.64183991145546
148.63720597522843
148.6325373925356
148.62783416706225
148.6230963037815
148.61832380654232
148.61351668041243
148.60867492941907
148.6037985582734
148.59888757170847
148.59394197363872
148.5889617698558
148.5839469639286
148.57889756110308
148.57381356593396
148.5686949830415
148.5635418175043
148.55835407404447
148.5531317573732
148.54787487247813
148.54258342434696
148.53725741769085
148.53189685766847
148.52650174927476
148.52107209755923
148.51560790743315
148.51010918422617
148.50457593308965
148.4990081587457
148.49340586705512
148.48776906282
148.48209775138093
148.47639193797295
148.47065162819854
148.46487682711813
148.4590675403415
148.45322377292177
148.4473455307234
148.4414328192579
148.43548564384764
148.42950400983318
148.42348792324265
148.417437389493
148.41135241409938
148.40523300290806
148.39907916178709
148.39289089605518
148.3866682116677
148.38041111464918
148.37411961051475
148.36779370537624
148.3614334050908
148.35503871543187
148.34860964242398
148.34214619228442
148.33564837076847
148.32911618400976
148.32254963811647
148.31594873929862
148.30931349358798
148.30264390727825
148.29593998622659
148.28920173733422
148.2824291664656
148.27562227964881
148.26878108395613
148.26190558535018
148.25499579001917
148.24805170487525
148.2410733361321
148.23406069015618
148.22701377377962
148.21993259346345
148.2128171555887
148.20566746698023
148.198483534532
148.1912653642903
148.1840129637567
148.17672633906477
148.1694054973741
148.16205044515664
148.15466118948825
148.1472377374521
148.1397800953455
148.13228827076819
148.12476227027946
148.11720210104613
148.1096077700604
148.1019792844054
148.094316651157
148.08661987722007
148.07888897038356
148.0711239372904
148.06332478518016
148.05549152167077
148.0476241534925
148.03972268859798
148.03178713389934
148.0238174968108
148.0158137848557
148.00777600548463
147.9997041660099
147.99159827414405
147.98345833730127
147.97528436302673
147.96707635906205
147.95883433278505
147.9505582920392
147.94224824444245
147.9339041978601
147.92552615961904
147.9171141380575
147.9086681406552
147.90018817530654
147.89167424986226
147.88312637228955
147.87454455053376
147.86592879229283
147.85727910621063
147.8485954996504
147.8398779809795
147.8311265580851
147.82234123942908
147.8135220328113
147.8046689466064
147.7957819888543
147.78686116814788
147.7779064923161
147.76891796995915
147.75989560935705
147.7508394188335
147.7417494068577
147.73262558173155
147.7234679518442
147.71427652604325
147.70505131243408
147.69579231968237
147.68649955670844
147.67717303163954
147.66781275329413
147.65841873050522
147.64899097185116
147.63952948571387
147.6300342814502
147.6205053675294
147.6109427529591
147.6013464463249
147.59171645659808
147.5820527927208
147.57235546386073
147.56262447850168
147.5528598462406
147.5430615755031
147.5332296757042
147.52336415610625
147.51346502538945
147.50353229288157
147.4935659680341
147.48356605958543
147.4735325771544
147.4634655300033
147.45336492723436
147.44323077808804
147.43306309238687
147.42286187927675
147.41262714787445
147.40235890813346
147.3920571694107
147.38172194087383
147.37135323251277
147.36095105373533
147.35051541392022
147.34004632320284
147.3295437907509
147.31900782662706
147.30843844026822
147.29783564163517
147.2871994402667
147.27652984629094
147.2658268694213
147.2550905194439
147.24432080623228
147.23351774002367
147.22268133041507
147.2118115876583
147.20090852143767
147.18997214225237
147.17900245988858
147.1679994846636
147.156963226269
147.1458936953859
147.13479090206238
147.12365485634655
147.11248556873034
147.10128304934915
147.09004730861488
147.078778356743
147.06747620406531
147.05614086130663
147.0447723389807
147.03337064661173
147.02193579590676
147.0104677964846
146.99896665952838
146.9874323950935
146.97586501412297
146.96426452715968
146.95263094489928
146.94096427808108
146.929264537197
146.9175317332556
146.90576587693067
146.89396697896154
146.88213505063322
146.8702701020011
146.85837214477215
146.84644118943834
146.83447724701546
146.82248032851203
146.81045044503844
146.79838760760322
146.7862918271203
146.7741631148092
146.76200148191856
146.7498069393041
146.73757949866558
146.7253191706768
146.71302596687747
146.70069989837066
146.68834097676154
146.6759492129204
146.6635246187143
146.65106720525364
146.6385769838962
146.62605396635627
146.6134981635696
146.60090958784713
146.58828825013188
146.5756341620363
146.56294733545656
146.55022778165585
146.5374755123703
146.52469053955429
146.5118728745001
146.4990225293368
146.4861395154585
146.47322384489962
146.46027552930173
146.44729458081565
146.4342810109738
146.42123483175237
146.40815605504758
146.3950446933377
146.38190075767488
146.36872426095215
146.35551521465823
146.3422736312641
146.32899952224398
146.3156929005272
146.30235377755162
146.28898216618836
146.27557807787525
146.26214152546163
146.2486725210183
146.2351710769508
146.22163720515528
146.20807091847382
146.1944722291446
146.18084114950034
146.16717769194656
146.15348186915799
146.1397536930308
146.12599317710556
146.11220033300924
146.09837517368578
146.08451771170803
146.07062795968523
146.05670593019022
146.0427516362397
146.02876509018824
146.0147463049434
146.00069529292523
145.9866120676088
145.97249664112314
145.95834902687056
145.94416923723475
145.92995728542883
145.91571318438946
145.90143694697326
145.88712858601502
145.8727881149025
145.8584155464705
145.84401089359017
145.8295741697002
145.81510538775183
145.8006045609436
145.78607170237956
145.77150682526553
145.7569099428947
145.74228106863302
145.72762021532253
145.71292739687487
145.69820262613212
145.68344591683126
145.66865728197445
145.65383673540055
145.63898429028632
145.62409996018687
145.6091837584754
145.59423569906357
145.57925579487346
145.56424405998405
145.54920050794317
145.53412515220407
145.51901800643827
145.5038790844992
145.48870840012387
145.47350596671458
145.4582717983867
145.44300590890634
145.42770831171947
145.41237902130524
145.39701805076038
145.381625414695
145.36620112659875
145.35074520067428
145.33525765074592
145.3197384908417
145.30418773487327
145.28860539723246
145.2729914917436
145.25734603247838
145.24166903379955
145.22596050954598
145.21022047445877
145.1944489419693
145.17864592713886
145.16281144347158
145.14694550562126
145.13104812815436
145.11511932504072
145.09915911074495
145.08316749976075
145.06714450621803
145.05109014511982
145.03500443040684
145.0188873767911
145.0027389987663
144.98655931085523
144.9703483278281
144.954106064004
144.9378325342841
144.92152775295835
144.905191735088
144.888824495094
144.87242604808125
144.85599640815053
144.839535590756
144.82304361040588
144.80652048205957
144.78996622039995
144.77338084035728
144.75676435683272
144.74011678481475
144.7234381391172
144.70672843516513
144.68998768751044
144.6732159111707
144.65641312154185
144.63957933355414
144.6227145621524
144.60581882284896
144.58889213028306
144.5719345002144
144.55494594741322
144.53792648714443
144.52087613510957
144.5037949061516
144.48668281569553
144.46953987893357
144.45236611174187
144.4351615287742
144.4179261461104
144.4006599787681
144.38336304214317
144.3660353522573
144.34867692417174
144.3312877734279
144.31386791568366
144.29641736666963
144.27893614162167
144.26142425648868
144.243881726783
144.22630856820615
144.20870479670702
144.19107042755059
144.17340547683125
144.15570996019233
144.1379838934663
144.12022729264572
144.10244017335935
144.08462255138147
144.06677444301022
144.04889586356876
144.03098682995187
144.01304735713347
143.9950774617755
143.97707715950673
143.95904646649433
143.94098539900733
143.92289397286368
143.904772204216
143.88662010943517
143.86843770442647
143.85022500563355
143.8319820290053
143.81370879078167
143.79540530742088
143.77707159532292
143.75870767017477
143.74031354906037
143.72188924776856
143.70343478312134
143.68495017115492
143.66643542844395
143.6478905716358
143.6293156167667
143.61071058058587
143.59207547962433
143.5734103305149
143.55471514965757
143.53598995369975
143.51723475909967
143.49844958281028
143.4796344414499
143.46078935124387
143.44191432937805
143.4230093924125
143.40407455725654
143.38510984029563
143.36611525900662
143.34709082944028
143.3280365686951
143.30895249411697
143.28983862190216
143.27069496945478
143.2515215534513
143.23231839068467
143.2130854989955
143.1938228942454
143.1745305940858
143.15520861576078
143.13585697571398
143.11647569153865
143.0970647801878
143.07762425877445
143.05815414451354
143.03865445467818
143.01912520633778
142.99956641667814
142.97997810304514
142.960360282872
142.9407129730098
142.92103619140107
142.90132995479507
142.88159428094514
142.86182918702252
142.8420346907369
142.82221080895397
142.80235755977628
142.7824749602587
142.76256302815455
142.74262178073695
142.72265123551188
142.70265141049458
142.6826223229
142.66256399035046
142.64247643048293
142.6223596611526
142.60221369979263
142.5820385641273
142.56183427220094
142.5416008412576
142.52133828928345
142.5010466343374
142.480725893809
142.46037608545157
142.43999722765875
142.41958933783462
142.39915243406722
142.3786865342263
142.35819165606517
142.33766781786107
142.31711503754195
142.29653333283204
142.27592272193579
142.25528322301398
142.23461485390726
142.21391763261636
142.19319157769496
142.1724367068673
142.1516530384979
142.13084059058747
142.10999938116584
142.08912942906318
142.06823075190187
142.04730336820649
142.0263472962979
142.00536255411862
141.98434916039696
141.9633071332937
141.9422364912316
141.92113725242962
141.90000943548512
141.87885305860254
141.85766814052477
141.8364546992525
141.81521275367413
141.79394232209597
141.7726434233191
141.75131607560616
141.72996029730712
141.7085761076596
141.6871635245625
141.66572256712243
141.6442532537185
141.62275560337002
141.60122963404865
141.5796753654722
141.5580928154086
141.5364820031391
141.51484294734837
141.4931756666483
141.4714801802038
141.4497565063648
141.42800466433982
141.40622467269714
141.38441655073257
141.36258031698526
141.34071599059098
141.31882359042356
141.29690313522588
141.27495464445383
141.25297813673387
141.23097363105626
141.2089411468769
141.18688070302596
141.16479231855192
141.14267601231404
141.1205318038992
141.0983597120503
141.07615975638328
141.05393195564102
141.031676329294
141.00939289633243
140.98708167606674
140.964742688142
140.9423759511119
140.91998148492712
140.8975593085197
140.8751094413019
140.85263190278783
140.83012671227334
140.80759388899605
140.7850334524701
140.76244542222412
140.7398298176413
140.71718665790104
140.69451596304134
140.67181775231438
140.64909204500145
140.62633886086405
140.60355821967823
140.5807501404779
140.55791464357753
140.53505174799648
140.51216147348168
140.4892438401148
140.4662988667842
140.4433265740081
140.4203269809659
140.3973001074628
140.3742459735804
140.35116459861456
140.3280560026178
140.30492020551173
140.28175722669403
140.25856708636275
140.23534980435215
140.212105400351
140.18883389433904
140.1655353063834
140.14220965630375
140.11885696373065
140.09547724902222
140.0720705322019
140.0486368330894
140.02517617159174
140.0016885681398
139.97817404234956
139.95463261466648
139.93106430464832
139.90746913323528
139.88384711976687
139.86019828465942
139.83652264837292
139.8128202304506
139.78909105180355
139.76533513201866
139.7415524918033
139.7177431511809
139.69390713034954
139.67004444972554
139.64615512965247
139.6222391902702
139.5982966519805
139.57432753537432
139.5503318602423
139.5263096478302
139.50226091766672
139.47818569072115
139.45408398701693
139.42995582768344
139.40580123236577
139.38162022212055
139.35741281740775
139.33317903835268
139.30891890609928
139.28463244054
139.26031966280425
139.2359805930464
139.21161525242496
139.1872236609488
139.16280583945627
139.13836180888757
139.11389158964448
139.08939520240529
139.064872667921
139.0403240070591
139.01574924022134
138.99114838869718
138.96652147251007
138.94186851319682
138.91718953108648
138.89248454735207
138.86775358227897
138.84299665725848
138.81821379286703
138.7934050103213
138.7685703299794
138.74370977311628
138.7188233607012
138.69391111351433
138.66897305264138
138.64400919905165
138.6190195735835
138.5940041974245
138.56896309158765
138.54389627696946
138.51880377478665
138.4936856059503
138.4685417918663
138.4433723531838
138.4181773113669
138.3929566875304
138.3677105026145
138.34243877787958
138.31714153474604
138.29181879400858
138.26647057716036
138.24109690537443
138.2156977997074
138.1902732817689
138.16482337268826
138.13934809336206
138.11384746583644
138.08832151078968
138.06277024987503
138.03719370426552
138.01159189559985
137.9859648450074
137.96031257392315
137.9346351038257
137.9089324560773
137.88320465215656
137.85745171349845
137.83167366156704
137.80587051765178
137.78004230375518
137.75418904103572
137.72831075100112
137.70240745505725
137.67647917516297
137.65052593272412
137.6245477491466
137.59854464621458
137.57251664542127
137.54646376862365
137.52038603705296
137.49428347292996
137.46815609722398
137.44200393214123
137.41582699952414
137.389625320473
137.3633989169466
137.33714781106391
137.31087202415802
137.28457157805678
137.25824649474816
137.23189679592906
137.20552250319452
137.17912363856158
137.15270022406185
137.1262522811012
137.09977983182762
137.07328289814177
137.0467615017551
137.02021566484473
136.99364540884562
136.96705075638602
136.940431728799
136.9137883483636
136.8871206369804
136.86042861643364
136.8337123091478
136.80697173670342
136.78020692137943
136.753417885222
136.7266046502482
136.6997672383004
136.6729056717886
136.64601997245336
136.61911016283557
136.59217626492318
136.5652183004422
136.53823629194812
136.51123026157438
136.48420023132348
136.45714622334344
136.43006826016062
136.40296636364656
136.37584055608022
136.3486908598279
136.32151729695033
136.29431988997385
136.2670986608573
136.23985363212705
136.21258482600388
136.1852922646067
136.15797597057826
136.13063596602296
136.1032722733944
136.07588491492788
136.04847391316434
136.02103929045552
135.99358106894942
135.96609927134705
135.93859391981096
135.91106503699848
135.88351264553785
135.8559367673006
135.82833742514777
135.80071464135835
135.77306843889528
135.7453988394991
135.7177058661764
135.6899895416136
135.66224988772592
135.63448692770908
135.60670068381296
135.57889117853483
135.55105843459023
135.52320247462194
135.49532332090894
135.46742099680705
135.43949552396953
135.41154692588316
135.38357522466686
135.35558044316713
135.3275626040122
135.299521730165
135.27145784380264
135.24337096806266
135.21526112552965
135.18712833872996
135.15897263091756
135.13079402424046
135.10259254198172
135.0743682065804
135.046121040883
135.01785106782336
134.98955831013154
134.96124279050855
134.93290453183
134.9045435570588
134.87615988907055
134.84775355053716
134.81932456447976
134.790872953512
134.7623987411207
134.73390194959939
134.7053826020565
134.67684072145494
134.64827633078676
134.61968945301487
134.59108011089847
134.562448327546
134.53379412577488
134.50511752904276
134.47641855981783
134.44769724126672
134.41895359629416
134.39018764832872
134.3613994201005
134.33258893460152
134.30375621514395
134.2749012845161
134.2460241659719
134.2171248825034
134.18820345727727
134.15925991343101
134.13029427386937
134.10130656207912
134.07229680084856
134.04326501348987
134.0142112231115
133.98513545305468
133.95603772619506
133.9269180657575
133.89777649517055
133.86861303742626
133.83942771604052
133.8102205536852
133.78099157402175
133.7517408003623
133.7224682555825
133.69317396290717
133.66385794637608
133.63452022819547
133.6051608324342
133.5757797822007
133.546377100487
133.51695281107095
133.48750693676993
133.4580395015073
133.42855052804225
133.3990400401235
133.36950806094683
133.33995461376617
133.31037972230115
133.2807834095147
133.25116569915554
133.2215266143321
133.19186617888045
133.16218441564706
133.13248134829337
133.1027570006263
133.07301139560877
133.04324455666938
133.01345650767325
132.98364727184526
132.95381687273039
132.9239653334953
132.89409267826704
132.86419892968843
132.83428411229397
132.80434824887197
132.77439136308385
132.7444134785619
132.71441461879294
132.68439480735105
132.65435406792676
132.6242924236867
132.59420989867067
132.5641065161035
132.5339822997339
132.50383727339795
132.47367146011675
132.44348488401738
132.413277568412
132.38304953710758
132.3528008138528
132.32253142198897
132.2922413852648
132.26193072728347
132.23159947202657
132.20124764271895
132.17087526328396
132.14048235758673
132.11006894896855
132.07963506123633
132.0491807181097
132.01870594354114
131.9882107609883
131.9576951940253
131.9271592668374
131.89660300288233
131.866026425967
131.83542955978191
131.80481242813403
131.77417505488847
131.74351746385219
131.71283967854106
131.68214172311127
131.6514236209041
131.62068539607571
131.58992707252037
131.55914867372485
131.52835022387444
131.4975317462231
131.46669326542178
131.43583480457892
131.4049563879962
131.37405803939328
131.34313978269347
131.3122016415
131.28124363991083
131.25026580208214
131.2192681512097
131.18825071200263
131.1572135075985
131.12615656267735
131.09507990028942
131.06398354502744
131.03286752069835
131.00173185084714
130.97057655992103
130.93940167161054
130.9082072096353
130.8769931985007
130.84575966198463
130.81450662348652
130.78323410777375
130.75194213862414
130.72063073940808
130.68929993498023
130.65794974885648
130.6265802051057
130.5951913279714
130.56378314091126
130.53235566837247
130.50090893442393
130.46944296298898
130.43795777787454
130.40645340355695
130.3749298635812
130.34338718259824
130.31182538409485
130.28024449246004
130.24864453164628
130.21702552569332
130.18538749872823
130.1537304748781
130.1220544782118
130.09035953262355
130.05864566250239
130.02691289191716
129.9951612446166
129.96339074510615
129.93160141742555
129.89979328567279
129.86796637353837
129.83612070602248
129.8042563064664
129.7723731995211
129.74047140902258
129.70855095927254
129.67661187419435
129.64465417832253
129.61267789572594
129.58068305021152
129.54866966613918
129.51663776810165
129.48458737964393
129.45251852532965
129.42043122908217
129.38832551555242
129.3562014082272
129.3240589320194
129.29189811093966
129.2597189686203
129.2275215300324
129.1953058190411
129.1630718599481
129.13081967679318
129.09854929402354
129.06626073597
129.03395402643946
129.0016291900829
128.96928625076544
128.93692523322534
128.90454616135685
128.87214905946166
128.83973395172507
128.8073008627107
128.77484981616726
128.74238083703676
128.70989394906792
128.6773891764169
128.64486654417124
128.61232607575948
128.5797677958326
128.54719172875048
128.51459789843648
128.48198632948333
128.44935704636737
128.41671007292462
128.38404543374781
128.35136315308046
128.31866325519513
128.28594576459727
128.25321070538484
128.22045810174313
128.1876879784104
128.15490035936818
128.12209526918014
128.08927273200243
128.05643277204945
128.02357541423407
127.990700682014
127.95780860073864
127.92489919360378
127.89197248610435
127.85902850172715
127.82606726509403
127.79308880097233
127.76009313328541
127.72708028613124
127.69405028448091
127.66100315234507
127.62793891420006
127.59485759426025
127.56175921717659
127.52864380690153
127.49551138843526
127.46236198549741
127.42919562273892
127.39601232469431
127.36281211546157
127.32959501974983
127.29636106168618
127.26311026557232
127.22984265626292
127.1965582575067
127.16325709421653
127.12993919063592
127.09660457100836
127.0632532601303
127.02988528180867
126.99650066086906
126.96309942170046
126.92968158845906
126.89624718597042
126.8627962382161
126.82932876996347
126.79584480510675
126.76234436873347
126.72882748473785
126.69529417768354
126.66174447207595
126.62817839236232
126.59459596278612
126.56099720785278
126.52738215209683
126.49375081973267
126.46010323544033
126.42643942323048
126.3927594080742
126.35906321404036
126.32535086545977
126.2916223872744
126.25787780320388
126.22411713842303
126.19034041668056
126.15654766297666
126.12273890140932
126.08891415657126
126.05507345267688
126.02121681440622
125.98734426614828
125.95345583220478
125.91955153725576
125.88563140560291
125.8516954613442
125.81774372965447
125.78377623448614
125.74979300017003
125.7157940515317
125.68177941287286
125.64774910837878
125.61370316281682
125.57964160043048
125.54556444601621
125.51147172355559
125.47736345752492
125.44323967283708
125.40910039347364
125.37494564399822
125.34077544909087
125.30658983270405
125.27238881980884
125.23817243456142
125.20394070140901
125.16969364482793
125.13543128914898
125.10115365919773
125.06686077915947
125.0325526733941
124.99822936646524
124.96389088270371
124.92953724664403
124.89516848279163
124.8607846153609
124.8263856691774
124.7919716683391
124.75754263732233
124.72309860069072
124.68863958277507
124.6541656080226
124.61967670131708
124.5851728861744
124.55065418774029
124.51612063037464
124.48157223829185
124.44700903614284
124.41243104805471
124.37783829882392
124.34323081275215
124.3086086139665
124.27397172752535
124.23932017717743
124.20465398786473
124.16997318365611
124.13527778946445
124.10056782906759
124.06584332726197
124.03110430855304
123.99635079709697
123.9615828176029
123.92680039411061
123.89200355144567
123.85719231364783
123.82236670565908
123.78752675108262
123.75267247518059
123.71780390181812
123.68292105573346
123.64802396079176
123.61311264216783
123.57818712381413
123.54324743011966
123.50829358556075
123.4733256144973
123.43834354128921
123.40334739076206
123.36833718666458
123.33331295361859
123.29827471647877
123.26322249867371
123.22815632564016
123.19307622112683
123.15798220952274
123.12287431547884
123.08775256323861
123.05261697733658
123.0174675815797
122.98230440128827
122.94712745992001
122.91193678235868
122.87673239278956
122.84151431574719
122.80628257532953
122.77103719618754
122.73577820241917
122.70050561858807
122.66521946885041
122.62991977771162
122.59460656956071
122.55927986846655
122.52393969902187
122.48858608558658
122.45321905243327
122.41783862371813
122.38244482397567
122.34703767765313
122.31161720852833
122.27618344168877
122.24073640117422
122.20527611093712
122.16980259562843
122.13431587960804
122.09881598700304
122.0633029419987
122.0277767694206
121.99223749322118
121.95668513767305
121.9211197270779
121.88554128567921
121.84994983804063
121.81434540843475
121.77872802061029
121.74309769959655
121.70745446890942
121.67179835340357
121.6361293773225
121.60044756464777
121.56475293971016
121.52904552681139
121.49332535028225
121.45759243448265
121.42184680321952
121.3860884810565
121.35031749252812
121.31453386112116
121.27873761189403
121.24292876836262
121.2071073553816
121.17127339669969
121.13542691676412
121.09956793967285
121.0636964897858
121.02781259131734
120.99191626830725
120.95600754499901
120.92008644586895
120.88415299472399
120.84820721598226
120.81224913379992
120.77627877233317
120.74029615579639
120.70430130811292
120.66829425396281
120.6322750170948
120.5962436220725
120.56020009232452
120.52414445285103
120.48807672734256
120.45199694004259
120.41590511484537
120.37980127651826
120.34368544869358
120.30755765544018
120.2714179213508
120.23526626999956
120.19910272595007
120.16292731312569
120.12674005544977
120.09054097731132
120.05433010298293
120.0181074559514
119.98187306080945
119.94562694139313
119.90936912212055
119.8730996264785
119.83681847908883
119.80052570387488
119.76422132464359
119.72790536563843
119.69157785124844
119.6552388050186
119.61888825104688
119.58252621360589
119.54615271653165
119.50976778403856
119.47337144019548
119.43696370863472
119.40054461359978
119.36411417950876
119.32767242947011
119.2912193883385
119.25475507945521
119.21827952744206
119.18179275572766
119.14529478855547
119.10878564993618
119.0722653636185
119.03573395387502
118.99919144430896
118.9626378591056
118.92607322227559
118.88949755756767
118.85291088905069
118.81631324026966
118.77970463596284
118.74308509932598
118.70645465436974
118.66981332562864
118.63316113592009
118.59649811015697
118.55982427165145
118.52313964435598
118.48644425233942
118.44973811958334
118.41302126963274
118.37629372635274
118.33955551366671
118.30280665578903
118.26604717603186
118.22927709843498
118.19249644712545
118.15570524529903
118.11890351737384
118.08209128677845
118.04526857775636
118.00843541350332
117.97159181840834
117.9347378158127
117.89787342961063
117.8609986838419
117.82411360225524
117.78721820813371
117.7503125256917
117.71339657856151
117.67647039052099
117.63953398517333
117.60258738650009
117.56563061790075
117.52866370332777
117.49168666655896
117.45469953113934
117.41770232099225
117.38069505931344
117.34367777057923
117.30665047754883
117.26961320478586
117.23256597531145
117.19550881322357
117.15844174174708
117.12136478500906
117.08427796611795
117.04718130943365
117.01007483788999
116.97295857555582
116.93583254565601
116.89869677220122
116.86155127853272
116.82439608842833
116.78723122528754
116.75005671285908
116.71287257474614
116.6756788342027
116.63847551500658
116.60126264102291
116.56404023530195
116.52680832144688
116.48956692326465
116.45231606418383
116.41505576772033
116.377786057099
116.34050695638871
116.30321848852327
116.26592067730962
116.22861354638007
116.19129711863934
116.15397141818539
116.11663646803936
116.07929229192086
116.04193891305476
116.00457635516068
115.96720464155078
115.92982379547902
115.89243384051952
115.85503480007173
115.81762669756426
115.78020955642569
115.74278339964803
115.70534825147479
115.66790413422859
115.63045107194921
115.59298908815254
115.55551820533583
115.51803844759706
115.48054983807378
115.44305240019457
115.40554615695146
115.36803113180213
115.33050734832068
115.29297482926631
115.25543359856238
115.21788367890986
115.18032509385375
115.14275786679354
115.10518202060484
115.06759757897817
115.03000456467271
114.99240300137899
114.9547929118853
114.91717431985307
114.87954724818701
114.84191172019928
114.80426775894011
114.7666153878672
114.72895462991437
114.69128550816095
114.65360804600641
114.61592226658831
114.57822819295689
114.54052584827878
114.50281525560422
114.46509643812897
114.42736941872863
114.38963422112283
114.35189086772152
114.31413938180776
114.27637978683924
114.23861210525502
114.20083636048366
114.163052575459
114.1252607734059
114.08746097717085
114.04965320971678
114.01183749432676
113.97401385358535
113.93618231106666
113.89834288929706
113.86049561132677
113.82264050026424
113.78477757881046
113.7469068703067
113.70902839748305
113.67114218327333
113.63324825043674
113.59534662237274
113.55743732137489
113.51952037104638
113.48159579318599
113.4436636120372
113.4057238495152
113.36777652890305
113.32982167281443
113.29185930432868
113.25388944582664
113.21591212082421
113.17792735164403
113.13993516130722
113.10193557228195
113.06392860779306
113.02591429042513
112.98789264290826
112.94986368808895
112.91182744887192
112.87378394749248
112.8357332070882
112.79767525036004
112.75961010009632
112.7215377788234
112.68345830903854
112.64537171385018
112.60727801572648
112.56917723745573
112.53106940162252
112.49295453072409
112.45483264766517
112.41670377488481
112.37856793505489
112.34042515099281
112.3022754448757
112.2641188397829
112.22595535762957
112.18778502175701
112.14960785428411
112.11142387791188
112.07323311484652
112.03503558816737
111.99683132010978
111.95862033308367
111.92040264976094
111.88217829260975
111.84394728415646
111.8057096467528
111.76746540289605
111.72921457505436
111.69095718569588
111.65269325731788
111.61442281206837
111.57614587282296
111.53786246155505
111.49957260087831
111.46127631299896
111.42297362082172
111.38466454597074
111.34634911105968
111.30802733884775
111.26969925095909
111.23136487035663
111.19302421901375
111.1546773192822
111.11632419348462
111.07796486382722
111.03959935280727
111.00122768239817
110.96284987509716
110.92446595284855
110.886075938266
110.8476798532356
110.8092777201091
110.77086956126732
110.73245539830532
110.69403525424423
110.65560915053356
110.6171771097579
110.57873915377422
110.54029530499247
110.50184558538604
110.46339001701563
110.42492862202926
110.38646142272046
110.34798844080069
110.30950969873811
110.27102521830238
110.23253502158332
110.19403913101996
110.1555375677417
110.11703035479877
110.07851751346607
110.03999906621175
110.00147503457265
109.96294544098782
109.92441030708142
109.88586965500144
109.84732350663398
109.8087718837487
109.77021480840631
109.73165230281302
109.69308438824373
109.65451108731213
109.61593242100207
109.57734841207275
109.53875908188638
109.50016445232905
109.46156454528682
109.42295938258758
109.38434898620471
109.34573337779148
109.30711257871008
109.2684866116324
109.22985549765872
109.19121925882064
109.15257791653858
109.11393149301875
109.0752800097107
109.03662348818034
108.99796195043018
108.95929541805526
108.92062391256331
108.88194745581131
108.84326606956893
108.80457977511105
108.76588859435287
108.72719254871481
108.68849166002474
108.64978594955755
108.61107543954859
108.57236015063245
108.53364010513178
108.49491532432148
108.45618582959287
108.41745164289023
108.37871278522653
108.33996927854605
108.3012211440946
108.2624684034381
108.22371107793879
108.18494918907527
108.14618275844259
108.10741180740297
108.0686363572022
108.02985642978456
107.99107204575557
107.95228322708863
107.9134899949131
107.87469237082405
107.83589037597994
107.79708403162658
107.7582733592717
107.7194583802193
107.6806391159189
107.64181558715063
107.60298781577148
107.564155822678
107.5253196292906
107.48647925682599
107.44763472655904
107.40878605973558
107.36993327728123
107.33107640067465
107.29221545121982
107.25335044969688
107.21448141764267
107.17560837592464
107.13673134581768
107.09785034827655
107.05896540480899
107.02007653613691
106.98118376356433
106.94228710792959
106.903386590624
106.86448223239859
106.82557405452826
106.78666207767674
106.74774632338085
106.70882681230432
106.6699035653437
106.63097660391941
106.59204594852054
106.55311162042199
106.5141736404039
106.4752320292755
106.4362868082826
106.39733799817623
106.35838561991113
106.31942969391821
106.28047024155967
106.24150728396489
106.20254084115732
106.16357093452825
106.12459758471232
106.08562081260607
106.04664063884411
106.00765708426479
105.96867016991018
105.92967991612386
105.89068634391879
105.85168947369675
105.81268932690728
105.77368592322455
105.73467928409809
105.6956694299297
105.65665638147038
105.61764015929657
105.57862078415928
105.53959827669314
105.50057265735813
105.46154394661426
105.42251216550358
105.38347733439878
105.34443947370164
105.305398604105
105.26635474624345
105.22730792046059
105.18825814739102
105.14920544746565
105.11014984131907
105.07109134900384
105.0320299914165
104.99296578910435
104.95389876194531
104.91482893083594
104.8757563160616
104.83668093784945
104.79760281680501
104.75852197330096
104.71943842727342
104.68035219993908
104.64126331079751
104.60217178030871
104.5630776291946
104.5239808773913
104.48488154527149
104.44577965300414
104.40667522116564
104.3675682695175
104.32845881875255
104.28934688866138
104.25023249982041
104.21111567204935
104.17199642607011
104.13287478141137
104.09375075853313
104.05462437766255
104.01549565876485
103.97636462180526
103.93723128721467
103.89809567504562
103.85895780485589
103.81981769745471
103.78067537222523
103.74153084956924
103.70238414959749
103.66323529189685
103.6240842967236
103.58493118392653
103.54577597382013
103.50661868572934
103.46745934020146
103.42829795679427
103.3891345555603
103.34996915617376
103.3108017789491
103.2716324433859
103.23246116924565
103.19328797698836
103.15411288558971
103.1149359154224
103.07575708650984
103.03657641788595
102.99739392971969
102.95820964185987
102.91902357406798
102.87983574575628
102.84064617703552
102.80145488734706
102.76226189633599
102.72306722408393
102.68387088965392
102.6446729133022
102.60547331423732
102.56627211213345
102.52706932698493
102.48786497770925
102.44865908456268
102.40945166666643
102.370242743782
102.33103233520524
102.29182046087226
102.2526071400498
102.21339239217923
102.17417623687652
102.1349586933793
102.09573978139088
102.05651952055632
102.01729792973492
101.97807502871729
101.93885083682835
101.89962537330575
101.8603986579401
101.82117070961976
101.78194154798985
101.74271119220066
101.70347966172267
101.66424697564798
101.62501315359259
101.58577821444487
101.54654217787902
101.50730506287073
101.4680668884539
101.42882767441915
101.38958743953845
101.35034620322403
101.3111039842479
101.27186080237152
101.23261667639599
101.19337162547163
101.15412566874875
101.11487882526126
101.07563111424679
101.03638255482656
100.99713316585985
100.95788296652609
100.91863197568455
100.8793802128348
100.84012769634137
100.8008744456456
100.76162047940306
100.7223658170551
100.68311047722818
100.64385447866516
100.60459784072009
100.56534058201942
100.52608272145153
100.48682427810854
100.44756527076242
100.40830571803963
100.3690456392942
100.32978505265783
100.29052397745545
100.25126243240084
100.21200043600402
100.17273800761905
100.13347516511567
100.09421192802256
100.05494831479155
100.01568434361252
99.97642003427609
99.9371554046811
99.89789047362865
99.85862525957054
99.81935978162801
99.78009405804914
99.74082810766413
99.7015619489539
99.66229560037027
99.62302908071433
99.58376240829239
99.54449560190551
99.50522867991822
99.46596166086965
99.42669456318254
99.38742740542511
99.34816020584549
99.30889298368129
99.26962575590005
99.23035854237969
99.1910913605825
99.15182422945509
99.1125571669836
99.07329019176541
99.03402332219412
98.99475657613948
98.95548997266451
98.91622352934792
98.87695726484526
98.83769119757926
98.79842534541967
98.75915972702205
98.7198943599069
98.68062926302082
98.6413644545537
98.60209995199693
98.56283577423892
98.5235719391494
98.48430846488918
98.44504536941531
98.40578267094679
98.36652038778993
98.32725853796
98.28799713915214
98.24873620993458
98.20947576782783
98.17021583142923
98.1309564182302
98.09169754639152
98.05243923413218
98.01318149911822
97.97392435927759
97.93466783265467
97.89541193738114
97.85615669112303
97.81690211157547
97.77764821698656
97.73839502516785
97.69914255352342
97.65989082038868
97.62063984354609
97.58138964039972
97.54214022911037
97.50289162728586
97.46364385265042
97.42439692313201
97.38515085645486
97.34590566987754
97.30666138144443
97.26741800914169
97.22817556984955
97.18893408207805
97.14969356282381
97.11045402986929
97.07121550122974
97.03197799355257
96.99274152555154
96.95350611404865
96.91427177688456
96.87503853128874
96.83580639498541
96.79657538572792
96.7573455204838
96.71811681712279
96.67888929272885
96.63966296511353
96.60043785173912
96.56121396939852
96.52199133619433
96.48276996918139
96.44354988573468
96.4043311032001
96.36511363906902
96.32589751033811
96.28668273461517
96.24746932912967
96.20825731102377
96.16904669775977
96.12983750613057
96.09062975394772
96.05142345826607
96.01221863611136
95.97301530453842
95.93381348100957
95.89461318255053
95.85541442644899
95.81621722970158
95.77702160930494
95.73782758243033
95.69863516639452
95.65944437784492
95.62025523404009
95.58106775209308
95.5418819487968
95.50269784149714
95.46351544672507
95.42433478185558
95.38515586350695
95.34597870899597
95.30680333482451
95.26762975819292
95.22845799577772
95.18928806501208
95.1501199817285
95.11095376376761
95.0717894276022
95.03262698973413
94.99346646753838
94.95430787734222
94.91515123617137
94.87599656055681
94.83684386740788
94.79769317351747
94.75854449544568
94.71939785016002
94.68025325360941
94.64111072348896
94.60197027534014
94.56283192697447
94.52369569399161
94.48456159356283
94.4454296422191
94.40629985620035
94.3671722523286
94.32804684725124
94.28892365738284
94.24980269890511
94.21068398898933
94.17156754340976
94.13245337916305
94.09334151237272
94.05423195939511
94.01512473734329
93.97601986175869
93.9369173492887
93.89781721652253
93.85871947975829
93.81962415529415
93.7805312591372
93.74144080816768
93.70235281821806
93.66326730587753
93.62418428715318
93.58510377857601
93.5460257959785
93.50695035594981
93.46787747449707
93.42880716797663
93.38973945227917
93.35067434376106
93.31161185842939
93.27255201281514
93.23349482228514
93.1944403037196
93.15538847265998
93.11633934511337
93.0772929378436
93.03824926586822
92.99920834606746
92.96017019386636
92.92113482556306
92.88210225710645
92.84307250432903
92.80404558312148
92.76502150954911
92.72600029944442
92.68698196869809
92.64796653325902
92.6089540090179
92.56994441145798
92.53093775716843
92.49193406087579
92.45293333922746
92.41393560782308
92.37494088232052
92.33594917855226
92.29696051182691
92.25797489873366
92.2189923542901
92.18001289427048
92.14103653462371
92.1020632906002
92.06309317820705
92.02412621310214
91.98516241059406
91.94620178616606
91.90724435599986
91.86829013522947
91.8293391391635
91.79039138404187
91.75144688470755
91.71250565699302
91.6735677163233
91.63463307823986
91.5957017581677
91.55677377135726
91.51784913329175
91.47892785968725
91.44000996556133
91.40109546663007
91.36218437756179
91.32327671477105
91.28437249263516
91.24547172692837
91.2065744328429
91.16768062586198
91.12879032065393
91.08990353322588
91.05102027842076
91.012140571489
90.97326442738995
90.93439186178148
90.89552288956475
90.85665752604837
90.81779578630812
90.77893768512877
90.74008323810995
90.70123246021103
90.66238536633318
90.62354197172681
90.58470229140949
90.54586634022417
90.50703413347946
90.46820568584371
90.42938101268373
90.39056012872607
90.35174304893008
90.31292978813872
90.2741203616024
90.23531478375662
90.19651307014283
90.15771523484727
90.1189212933532
90.08013126021251
90.0413451504428
90.00256297836313
89.96378475945676
89.92501050810097
89.88624023908051
89.84747396723833
89.80871170712635
89.76995347387856
89.731199281523
89.69244914554292
89.65370307990815
89.61496109951986
89.5762232192792
89.53748945350526
89.49875981698278
89.46003432397265
89.42131298931781
89.38259582774481
89.34388285351451
89.30517408100422
89.26646952523151
89.22776920028264
89.1890731206513
89.15038130112225
89.11169375589816
89.0730104992981
89.03433154616505
88.99565691017779
88.95698660664493
88.91832064941991
88.87965905253077
88.84100183093688
88.80234899866628
88.76370057009626
88.7250565594295
88.68641698098509
88.64778184925672
88.60915117786499
88.57052498171106
88.53190327476477
88.49328607117059
88.45467338507297
88.4160652309074
88.37746162206167
88.33886257378617
88.30026809935225
88.26167821337003
88.22309292946011
88.18451226211619
88.14593622501707
88.10736483248184
88.06879809865495
88.03023603698239
87.99167866201606
87.95312598743476
87.91457802744117
87.87603479571408
87.83749630616512
87.79896257311339
87.76043361000484
87.72190943092573
87.6833900497877
87.64487548021134
87.6063657362829
87.5678608318558
87.5293607802596
87.49086559592979
87.45237529231235
87.41388988291146
87.37540938210441
87.33693380304612
87.29846315953182
87.25999746558955
87.22153673466528
87.18308098020498
87.14463021646952
87.10618445614818
87.06774371385109
87.02930800267495
86.99087733624037
86.9524517278769
86.91403119155439
86.87561574089341
86.83720538875787
86.79880014935043
86.76040003570961
86.72200506151421
86.68361524026841
86.64523058501072
86.6068511097692
86.56847682764055
86.53010775172152
86.49174389604013
86.45338527363492
86.41503189766081
86.37668378168019
86.3383409389644
86.30000338261016
86.26167112658732
86.22334418306127
86.18502256617649
86.14670628902968
86.10839536454296
86.07008980604587
86.03178962675156
85.99349483987316
85.95520545868203
85.91692149580922
85.87864296516636
85.84036987903528
85.80210225121118
85.76384009420872
85.72558342170669
85.68733224627795
85.64908658096101
85.61084643891081
85.57261183316587
85.5343827768229
85.49615928228013
85.4579413633328
85.41972903220449
85.38152230228297
85.34332118619932
85.3051256967592
85.26693584746681
85.2287516501965
85.19057311856886
85.15240026527317
85.11423310288228
85.0760716443765
85.03791590232868
84.99976589001017
84.96162161946995
84.92348310380476
84.8853503560531
84.84722338838037
84.80910221359227
84.77098684455268
84.73287729365984
84.69477357401047
84.65667569776997
84.6185836775694
84.58049752627267
84.54241725651082
84.50434288021643
84.46627441060264
84.42821186018409
84.39015524077695
84.35210456588538
84.31405984715093
84.2760210976121
84.23798832908506
84.19996155484114
84.16194078652188
84.12392603704939
84.08591731858905
84.04791464348091
84.0099180242978
83.97192747297231
83.93394300260115
83.89596462459303
83.85799235175364
83.82002619630657
83.78206617047545
83.74411228636745
83.70616455661366
83.66822299285559
83.63028760807356
83.59235841350164
83.55443542194553
83.51651864562882
83.4786080964841
83.44070378621109
83.40280572779011
83.36491393280448
83.32702841318678
83.28914918139344
83.25127624929883
83.21340962871909
83.17554933205247
83.13769537128974
83.0998477578978
83.06200650415849
83.02417162258644
82.98634312412469
82.94852102122968
82.9107053258922
82.87289604981197
82.83509320486337
82.79729680303717
82.75950685580028
82.72172337578377
82.68394637398887
82.646175862581
82.60841185302706
82.57065435772529
82.53290338808438
82.49515895551303
82.45742107211845
82.41968974954216
82.3819649995421
82.3442468335852
82.30653526360402
82.26883030077443
82.23113195726182
82.1934402443585
82.1557551738806
82.11807675723685
82.08040500595234
82.04273993161041
82.00508154602721
81.96742986037862
81.92978488624794
81.89214663498569
81.85451511869906
81.81689034809824
81.77927233476657
81.74166109052021
81.70405662670964
81.66645895404508
81.62886808480835
81.59128402988426
81.55370680062333
81.51613640849246
81.47857286472572
81.4410161805572
81.40346636780305
81.36592343699886
81.32838739990257
81.29085826734081
81.2533360508969
81.21582076168852
81.1783124107751
81.14081100956537
81.10331656906055
81.06582910049474
81.02834861486917
80.99087512341794
80.95340863754973
80.91594916745089
80.87849672517041
80.84105132124387
80.80361296707997
80.76618167292327
80.72875745088095
80.69134031125577
80.65393026493257
80.61652732337825
80.57913149701199
80.5417427974171
80.50436123495456
80.46698682045098
80.4296195654315
80.39225948031526
80.3549065758707
80.31756086333189
80.28022235317621
80.24289105640491
80.20556698361179
80.16825014579808
80.13094055384863
80.0936382181826
80.05634314968484
80.01905535894912
79.98177485715132
79.94450165418675
79.90723576158052
79.86997718951898
79.83272594842128
79.79548204963794
79.75824550300604
79.72101631993428
79.68379451008514
79.6465800847509
79.60937305423431
79.57217342907097
79.53498121968005
79.49779643694637
79.46061909076525
79.42344919219613
79.38628675154177
79.3491317788721
79.31198428507196
79.27484428044409
79.23771177534945
79.20058678014902
79.16346930508735
79.12635936087463
79.08925695781363
79.05216210579965
79.01507481531007
78.97799509722972
78.94092296098825
78.90385841729585
78.86680147622246
78.82975214859471
78.79271044372581
78.75567637226777
78.71864994458156
78.68163117062068
78.64462006039685
78.60761662462028
78.57062087283703
78.53363281517522
78.49665246228687
78.45967982377624
78.42271490994608
78.38575773063349
78.34880829590838
78.31186661601532
78.27493270090781
78.23800656048115
78.20108820474707
78.16417764354264
78.12727488722885
78.0903799450607
78.05349282786483
78.01661354466341
77.97974210587563
77.94287852122216
77.90602280048188
77.86917495384114
77.83233499067137
77.79550292115891
77.75867875473341
77.7218625015812
77.68505417119013
77.64825377345551
77.61146131821442
77.57467681495473
77.53790027362993
77.50113170337863
77.46437111467822
77.4276185168419
77.39087391941575
77.35413733206224
77.31740876473486
77.28068822663045
77.24397572741145
77.20727127674036
77.17057488416322
77.13388655951712
77.09720631188247
77.06053415103815
77.02387008606456
76.98721412720624
76.95056628336897
76.91392656415701
76.87729497917462
76.84067153761862
76.80405624897685
76.76744912256254
76.73085016827099
76.69425939465873
76.65767681144644
76.6211024284712
76.58453625428956
76.54797829868039
76.51142857060768
76.47488707973389
76.43835383513942
76.40182884596288
76.36531212180853
76.3288036713493
76.29230350418948
76.25581162981689
76.21932805638062
76.18285279395059
76.14638585172361
76.109927238198
76.07347696291981
76.03703503502766
76.00060146331089
75.96417625714093
75.92775942548178
75.8913509772974
75.85495092178462
75.81855926779099
75.78217602451332
75.74580120079918
75.70943480549613
75.6730768479174
75.63672733685235
75.60038628103212
75.56405368959531
75.52772957150592
75.49141393526224
75.45510679035215
75.41880814533215
75.38251800875878
75.34623638959602
75.30996329709888
75.27369873982389
75.23744272603653
75.20119526522467
75.16495636606123
75.1287260367535
75.0925042864983
75.05629112396855
75.020086557779
74.98389059642795
74.94770324899582
74.91152452421375
74.87535442976514
74.83919297537068
74.80304016906302
74.76689601963153
74.73076053586556
74.69463372568134
74.65851559845032
74.62240616197232
74.58630542532774
74.55021339672385
74.5141300848336
74.4780554981553
74.44198964472162
74.40593253349653
74.36988417303655
74.33384457085049
74.29781373683363
74.26179167779628
74.22577840310987
74.18977392103989
74.1537782396772
74.11779136728728
74.08181331277592
74.04584408359369
74.00988368911203
73.97393213649048
73.93798943475122
73.9020555918687
73.86613061616663
73.83021451591048
73.79430729901651
73.75840897415765
73.72251954919193
73.68663903226843
73.65076743171085
73.61490475549363
73.57905101199867
73.54320620920043
73.50737035489874
73.47154345782474
73.43572552554542
73.39991656615166
73.36411658779252
73.32832559861708
73.29254360630875
73.25677061948227
73.22100664529717
73.18525169207714
73.14950576826232
73.11376888107043
73.0780410389998
73.0423222493846
73.00661252054852
72.97091186029138
72.93522027658764
72.8995377770043
72.863864369574
72.82820006232942
72.7925448626047
72.75689877872355
72.72126181784552
72.68563398858532
72.65001529775327
72.61440575390588
72.57880536461016
72.54321413690923
72.50763207947602
72.4720591995283
72.43649550445843
72.4009410024155
72.36539570090827
72.32985960750375
72.29433272988535
72.25881507573649
72.2233066522167
72.18780746753328
72.15231752884574
72.1168368436629
72.0813654201338
72.04590326477773
72.01045038586017
71.97500679088989
71.93957248691004
71.90414748166222
71.86873178248061
71.8333253969904
71.79792833235115
71.76254059618805
71.7271621961263
71.69179313851055
71.65643343236297
71.62108308356255
71.58574210037477
71.55041048955172
71.51508825883502
71.47977541515138
71.44447196624242
71.40917791891843
71.37389328086283
71.33861805888591
71.30335226049647
71.26809589297045
71.23284896335099
71.19761147897225
71.16238344681915
71.12716487440048
71.0919557682355
71.05675613641506
71.02156598505098
70.98638532211771
70.9512141541345
70.91605248814449
70.8809003320057
70.8457576915971
70.81062457512598
70.77550098870415
70.74038694013143
70.70528243563604
70.67018748290138
70.63510208809748
70.6000262593152
70.5649600023171
70.52990332513582
70.49485623347573
70.4598187354859
70.42479083716171
70.38977254601195
70.35476386820665
70.31976481125457
70.28477538184961
70.24979558639461
70.21482543239836
70.17986492597265
70.14491407427704
70.10997288435465
70.07504136208445
70.04011951526627
70.00520734977908
69.97030487301527
69.93541209114483
69.90052901109448
69.86565563973272
69.83079198322957
69.7959380489192
69.76109384273877
69.72625937190605
69.69143464259105
69.65661966160405
69.62181443546433
69.58701897080755
69.55223327415297
69.51745735236909
69.48269121127669
69.44793485786067
69.4131882986403
69.37845154019305
69.34372458880534
69.30900745082181
69.27430013299454
69.23960264160996
69.20491498301271
69.17023716389667
69.13556919043185
69.10091106919572
69.06626280624187
69.03162440814776
68.99699588143267
68.96237723191734
68.92776846670313
68.89316959131975
68.85858061240287
68.82400153647177
68.78943236923078
68.75487311766483
68.72032378712902
68.68578438455006
68.65125491621438
68.6167353875353
68.58222580555594
68.54772617621347
68.51323650532868
68.47875679918798
68.44428706454346
68.40982730663382
68.3753775319783
68.34093774697976
68.30650795687689
68.2720881687128
68.23767838819185
68.20327862072736
68.16888887359528
68.13450915162684
68.10013946157414
68.06577980919974
68.03143020055722
67.99709064140916
67.96276113792555
67.92844169616001
67.89413232146762
67.85983302060049
67.82554379868088
67.79126466234447
67.75699561682995
67.72273666830733
67.68848782242276
67.65424908569548
67.62002046295675
67.5858019607258
67.551593584707
67.51739534025546
67.48320723377401
67.44902927067596
67.41486145666568
67.38070379779674
67.34655629936606
67.31241896748543
67.27829180745175
67.24417482555145
67.21006802690681
67.17597141728038
67.14188500272576
67.1078087881906
67.07374277990311
67.03968698327662
67.00564140384085
66.97160604735836
66.93758091924246
66.90356602508109
66.86956137046218
66.83556696074083
66.80158280197065
66.76760889904108
66.73364525777288
66.69969188357936
66.66574878216488
66.63181595836068
66.59789341851138
66.56398116739001
66.53007921052631
66.49618755350821
66.46230620174902
66.4284351603128
66.39457443502033
66.36072403099388
66.32688395341393
66.29305420821765
66.25923479971243
66.2254257343593
66.19162701675668
66.15783865220146
66.12406064633979
66.0902930040611
66.05653573112795
66.02278883184772
65.98905231250683
65.95532617770368
65.92161043267697
65.88790508284
65.85421013331506
65.82052558887517
65.7868514553411
65.75318773736944
65.71953444031533
65.68589156900998
65.65225912898313
65.61863712483319
65.58502556208987
65.55142444575904
65.51783378032269
65.484253571718
65.45068382425234
65.41712454333901
65.38357573375106
65.35003740084358
65.31650954904035
65.28299218363827
65.24948530975962
65.2159889319446
65.18250305549009
65.14902768511092
65.11556282592937
65.0821084822528
65.04866465984378
65.01523136283504
64.9818085966399
64.94839636539109
64.9149946749094
64.88160352903651
64.84822293341858
64.81485289207194
64.7814934104681
64.74814449291443
64.71480614430038
64.68147836974822
64.64816117339069
64.61485456017544
64.58155853510834
64.54827310255496
64.51499826752115
64.48173403402325
64.44848040753277
64.41523739224067
64.38200499286177
64.34878321416909
64.31557206064463
64.28237153711962
64.24918164784322
64.21600239729742
64.18283379089553
64.14967583207181
64.11652852635598
64.08339187747333
64.05026589066256
64.01715056993999
63.98404591984581
63.95095194521127
63.91786865028553
63.88479603937594
63.85173411713913
63.818682888231706
63.78564235637896
63.7526125269942
63.719593403395265
63.68658499093726
63.6535872934619
63.62060031539295
63.587624061328825
63.554658535227645
63.521703741920646
63.488759684958495
63.45582636987092
63.42290379991755
63.389991979522165
63.35709091357421
63.324200605624355
63.291321060271
63.25845228176331
63.225594274292234
63.19274704228155
63.15991058934014
63.12708492006641
63.094270039116964
63.061465949809644
63.02867265662644
62.99589016393293
62.963118475687224
62.93035759596387
62.89760752907023
62.86486827884801
62.83213984966278
62.79942224547267
62.76671547041042
62.73401952814311
62.70133442332735
62.66866015980486
62.63599674124271
62.603344171948265
62.57070245605428
62.538071597286034
62.50545160000911
62.47284246748313
62.440244204422925
62.40765681426274
62.37508030119352
62.342514668998774
62.30995992186945
62.27741606312338
62.24488309735898
62.212361027894076
62.17984985886142
62.14734959421912
62.114860237401444
62.08238179248292
62.04991426359629
62.0174576540594
61.985011967713945
61.9525772088673
61.92015338054625
61.8877404871746
61.85533853195375
61.82294751901645
61.79056745197158
61.75819833466085
61.72584017040208
61.69349296344444
61.66115671687294
61.62883143493673
61.59651712101186
61.56421377859078
61.531921411748044
61.49964002351044
61.46736961847637
61.435110198915936
61.402861769718584
61.37062433362007
61.338397894462105
61.306182455969974
61.2739780213451
61.24178459437098
61.209602178656496
61.1774307776941
61.14527039480163
61.11312103329692
61.08098269737093
61.04885538981762
61.01673911459511
60.984633874497376
60.95253967388999
60.92045651556691
60.88838440272957
60.856323339859955
60.82427332899533
60.79223437444307
60.76020647940459
60.72818964708131
60.69618388079107
60.66418918425916
60.632205560279544
60.60023301257752
60.56827154447092
60.536321159044746
60.50438185950043
60.472453649679665
60.44053653202718
60.40863051067572
60.37673558818642
60.34485176805174
60.31297905364772
60.28111744800117
60.2492669543135
60.217427575727925
60.185599315795116
60.15378217736725
60.121976163529325
60.09018127748277
60.05839752283646
60.02662490186049
59.99486341839656
59.96311307547148
59.93137387587922
59.899645822821185
59.86792891926598
59.836223168706056
59.804528573702555
59.772845137747936
59.74117286322871
59.7095117540448
59.6778618125245
59.64622304192744
59.614595445164014
59.58297902549384
59.551373785187025
59.519779728143476
59.48819685657509
59.456625174032524
59.42506468272768
59.393515386327635
59.36197728686966
59.33045038837008
59.298934692749754
59.26743020338472
59.23593692277791
59.20445485430537
59.1729840002954
59.141524364065845
59.110075948236044
59.0786387550761
59.04721278836951
59.01579805009533
58.984394543920644
58.95300227141706
58.92162123642629
58.89025144127663
58.85889288847102
58.82754558115266
58.7962095218827
58.7648847134551
58.733571158431005
58.70226885937154
58.67097781947814
58.63969804078806
58.60842952650273
58.577172279008664
58.545926300866995
58.514691595046315
58.4834681636421
58.45225600973936
58.4210551357246
58.38986554433359
58.358687237952836
58.327520219259895
58.29636449064128
58.265220055240206
58.234086914744694
58.20296507241437
58.17185453005368
58.14075529092224
58.10966735717375
58.07859073107829
58.04752541537164
58.016471412731335
57.985428725136444
57.954397355380934
57.923377305676695
57.89236857864307
57.86137117672479
57.83038510219194
57.799410357372835
57.7684469447704
57.737494867062196
57.70655412587803
57.67562472430291
57.64470666460693
57.61379994841991
57.58290457894327
57.55202055792324
57.52114788815379
57.49028657155577
57.45943661045749
57.42859800718725
57.39777076418977
57.36695488332771
57.33615036762785
57.30535721813794
57.27457543835044
57.24380502931308
57.21304599446012
57.18229833478108
57.151562053419184
57.120837151946034
57.09012363321381
57.05942149832845
57.02873075049138
56.99805139133241
56.96738342283061
56.936726847838145
56.90608166763559
56.87544788460946
56.84482550091343
56.81421451905044
56.78361494030105
56.7530267672264
56.722450001805555
56.69188464630861
56.6613307017833
56.6307881718385
56.60025705723092
56.569737360521685
56.53922908351524
56.50873222819064
56.47824679675978
56.447772790968884
56.417310212913435
56.38685906439787
56.356419347575866
56.325991064251866
56.29557421611389
56.26516880560666
56.23477483418537
56.204392304003704
56.1740212169243
56.143661574518774
56.1133133789408
56.08297663228586
56.05265133577632
56.02233749162406
55.99203510192456
55.96174416784197
55.931464691704605
55.901196675084066
55.870940119901206
55.84069502790226
55.81046140065882
55.78023924049921
55.750028548412956
55.71982932649553
55.68964157690061
55.65946530055953
55.629300499975216
55.599147176137194
55.56900533119915
55.538874966907315
55.50875608460046
55.478648686083034
55.44855277304305
55.41846834751777
55.38839541032212
55.358333963609766
55.32828400930157
55.29824554850347
55.26821858261246
55.23820311418967
55.20819914381718
55.17820667347405
55.14822570519755
55.11825623951154
55.08829827903537
55.05835182458395
55.02841687790351
54.99849344062386
54.96858151431661
54.93868110032054
54.90879220003262
54.87891481537372
54.84904894710053
54.819194597541355
54.7893517674529
54.75952045887243
54.729700672614854
54.699892410833854
54.67009567411151
54.64031046483433
54.6105367836426
54.58077463210793
54.551024011860136
54.52128492417978
54.49155737034744
54.46184135164367
54.43213686964009
54.40244392561726
54.372762520972174
54.34309265681077
54.31343433453003
54.28378755587619
54.254152321547735
54.22452863282524
54.194916491629556
54.16531589871738
54.13572685542749
54.10614936321508
54.07658342306968
54.04702903638827
54.017486204451416
53.98795492842328
53.958435209235176
53.92892704863334
53.89943044731626
53.86994540679734
53.840471928182524
53.81101001286879
53.78155966132181
53.75212087505497
53.72269365587272
53.69327800400788
53.66387392079923
53.63448140764376
53.605100465530995
53.57573109539226
53.54637329844991
53.51702707580989
53.48769242851995
53.45836935803527
53.42905786447227
53.399757949693594
53.37046961451415
53.341192859981675
53.311927686969284
53.28267409669934
53.25343209016137
53.224201668053865
53.19498283189023
53.16577558219433
53.136579920130316
53.10739584668772
53.07822336279787
53.04906246927567
53.01991316722706
52.99077545775799
52.96164934121771
52.9325348190614
52.903431892045774
52.87434056092752
52.8452608268708
52.81619269028306
52.787136152910534
52.758091214403976
52.72905787662603
52.70003614015877
52.671026005467866
52.64202747377567
52.61304054601351
52.58406522241421
52.55510150460759
52.526149392535444
52.49720888759475
52.4682799904258
52.43936270161066
52.41045702196425
52.3815629525925
52.35268049384467
52.32380964659387
52.294950411771424
52.26610278955195
52.237266781390645
52.20844238717109
52.17962960858131
52.15082844538847
52.122038899047766
52.09326096926816
52.06449465791229
52.03573996468913
52.00699689047178
51.978265436482616
51.94954560243059
51.9208373898291
51.89214079856174
51.863455829559825
51.83478248369647
51.80612076102989
51.777470662782434
51.74883218872128
51.72020534030162
51.6915901171742
51.662986520910636
51.63439455104526
51.60581420897506
51.577245494467206
51.548688408744056
51.52014295198023
51.49160912446678
51.463086927251425
51.434576360392384
51.40607742458815
51.377590120071545
51.349114447657485
51.32065040740417
51.29219800030114
51.26375722629018
51.23532808595337
51.206910579814576
51.178504708223045
51.15011047187727
51.12172787048621
51.09335690521402
51.06499757594429
51.036649883317295
51.00831382768229
50.97998940938851
50.951676628377754
50.92337548604701
50.895085981464945
50.866808115912136
50.83854188915575
50.81028730212711
50.78204435436055
50.7538130467874
50.72559337958228
50.69738535274519
50.66918896662537
50.641004222095944
50.612831118342
50.58466965681873
50.55651983682765
50.52838165912544
50.500255123653915
50.47214023093693
50.4440369810909
50.41594537417404
50.38786541065201
50.3597970904666
50.331740413734224
50.30369538144441
50.27566199260764
50.247640248097014
50.21963014797075
50.19163169240346
50.16364488133695
50.13566971512046
50.107706193695776
50.079754317586776
50.05181408650242
50.02388550073374
49.99596856004791
49.96806326514343
49.94016961584566
49.91228761192178
49.88441725377925
49.85655854147626
49.828711475012824
49.80087605433073
49.77305227966281
49.745240150776226
49.71743966807844
49.68965083139483
49.66187364066718
49.634108096011914
49.60635419731261
49.578611944802105
49.55088133801473
49.523162377474364
49.49545506288996
49.46775939402869
49.44007537100697
49.412402994174045
49.384742263006046
49.35709317709552
49.329455737257376
49.30182994296774
49.274215794052
49.24661329027731
49.21902243205113
49.19144321902422
49.163875650730915
49.136319727636874
49.108775449276436
49.08124281553319
49.05372182629071
49.026212481141556
48.9987147806678
48.97122872405453
48.94375431118533
48.91629154206021
48.88884041667916
48.861400934052654
48.83397309505381
48.80655689863488
48.779152345028706
48.751759433886036
48.72437816474121
48.69700853788527
48.66965055267792
48.642304208828136
48.614969506452326
48.58764644479379
48.56033502420178
48.533035243686754
48.505747103423346
48.47847060323693
48.45120574225439
48.42395252076676
48.39671093807556
48.369480993947946
48.34226268850034
48.31505602051038
48.28786099044373
48.26067759754369
48.23350584175205
48.20634572207928
48.17919723910745
48.15206039173063
48.124935179774184
48.097821603063494
48.07071966066724
48.04362935287645
48.016550678701606
47.98948363785166
47.962428230501246
47.93538445531158
47.90835231228266
47.881331801298074
47.85432292136829
47.82732567214407
47.80034005333437
47.773366064648144
47.74640370486304
47.71945297467755
47.69251387217082
47.665586398215964
47.63867055159062
47.611766331479885
47.584873738349415
47.557992770685814
47.53112342848908
47.50426571135176
47.47741961828433
47.450585149170365
47.42376230296213
47.39695107960142
47.37015147815691
47.34336349833757
47.3165871395031
47.289822400780395
47.26306928170379
47.23632778215688
47.20959790080087
47.18287963734474
47.156172991439234
47.12947796197841
47.10279454861302
47.07612275070278
47.04946256731637
47.02281399839558
46.99617704265984
46.969551699759904
46.94293796882266
46.916335849731695
46.889745340973604
46.86316644237377
46.83659915323369
46.81004347256385
46.78349939995678
46.756966934714
46.73044607572956
46.703936822654214
46.677439174440224
46.65095313085476
46.62447869073367
46.59801585320383
46.571564618032426
46.54512498393888
46.518696950224694
46.49228051654063
46.465875681489706
46.43948244501371
46.41310080536641
46.386730762722436
46.3603723156848
46.33402546343859
46.307690205285326
46.28136654064292
46.255054468347225
46.22875398764154
46.202465097478125
46.176187797565944
46.149922086449806
46.12366796343122
46.09742542804452
46.07119447895093
46.044975115335546
46.01876733638346
45.99257114122156
45.96638652897673
45.940213498601224
45.914052049047314
45.887902180082165
45.86176388995955
45.8356371782138
45.809522043855395
45.783418485720176
45.75732650293503
45.73124609480146
45.70517726027174
45.679119997890666
45.65307430754183
45.627040187304374
45.60101763700368
45.57500665518455
45.54900724097388
45.523019393498544
45.49704311141977
45.47107839398086
45.44512524007587
45.41918364883168
45.39325361861847
45.36733514943626
45.34142823948059
45.315532887820154
45.289649093349
45.26377685548505
45.23791617236566
45.21206704346696
45.186229467741214
45.16040344373323
45.13458897045348
45.10878604737809
45.082994672528
45.05721484537935
45.03144656447694
45.00568982900586
44.97994463756913
44.95421098935185
44.92848888284061
44.902778317104094
44.87707929091994
44.8513918032404
44.82571585290134
44.800051438447554
44.774398559122346
44.74875721364515
44.72312740032794
44.69750911882147
44.671902367379516
44.6463071446633
44.620723450148944
44.59515128179919
44.56959063903196
44.544041520450264
44.5185039244825
44.49297785048839
44.4674632967799
44.44196026196005
44.41646874550497
44.39098874561023
44.365520260937046
44.340063290612306
44.31461783288978
44.28918388695456
44.26376145117683
44.23835052456707
44.212951105320826
44.187563193030655
44.162186785193626
44.13682188157691
44.111468480550684
44.08612658007769
44.060796180099715
44.03547727793921
44.010169873479754
43.98487396445125
43.959589550155215
43.93431662861258
43.90905519918306
43.883805259596556
43.858566809562035
43.83333984675119
43.8081243702909
43.78292037860956
43.75772787060123
43.73254684417043
43.7073772988515
43.68221923249075
43.65707264386583
43.631937531987205
43.60681389470119
43.58170173113467
43.556601039657835
43.53151181869907
43.50643406715244
43.48136778327171
43.456312965543475
43.43126961297821
43.40623772353865
43.38121729582781
43.35620832873974
43.331210820702836
43.30622476991266
43.28125017514685
43.256287034775596
43.231335347285494
43.20639511133777
43.1814663252444
43.156548987550195
43.13164309685817
43.10674865124747
43.081865649612155
43.056994090089574
43.03213397151558
43.007285291852895
42.98244804999558
42.95762224390637
42.93280787271215
42.908004933968186
42.88321342668496
42.858433349465486
42.83366470003966
42.80890747735975
42.78416167956311
42.75942730490351
42.73470435262425
42.70999281993136
42.68529270583531
42.66060400905553
42.6359267270891
42.611260858830065
42.58660640270682
42.56196335714776
42.5373317199992
42.512711489980575
42.48810266528744
42.46350524452282
42.43891922570765
42.41434460750315
42.38978138775565
42.365229565126356
42.340689137985464
42.31616010441212
42.2916424627183
42.26713621156523
42.242641348799225
42.218157872906886
42.19368578214198
42.16922507475829
42.144775749067776
42.120337803440634
42.0959112358978
42.07149604486767
42.047092228604015
42.022699785535224
41.99831871321658
41.97394901071675
41.949590675882064
41.92524370690808
41.9009081023396
41.87658385979012
41.85227097792085
41.82796945510199
41.80367928900523
41.779400478408206
41.75513302104082
41.73087691521505
41.70663215935929
41.68239875155268
41.65817668969976
41.63396597222891
41.6097665973939
41.58557856315747
41.56140186754055
41.53723650914617
41.51308248587884
41.48893979593413
41.464808437158354
41.44068840815453
41.41657970671076
41.39248233125545
41.368396279693116
41.344321549870074
41.32025814073859
41.2962060495629
41.27216527471319
41.24813581444323
41.224117667006794
41.20011082984274
41.17611530155409
41.1521310803364
41.12815816357033
41.10419655026635
41.08024623780511
41.05630722432397
41.03237950836774
41.00846308725886
40.98455795965856
40.96066412341315
40.93678157636896
40.91291031683795
40.88905034266645
40.865201652166434
40.84136424289318
40.81753811327508
40.79372326104203
40.76991968450602
40.74612738145515
40.72234634991037
40.69857658795081
40.67481809348101
40.651070864638314
40.6273348989198
40.603610195044894
40.57989675056888
40.55619456351269
40.53250363160623
40.50882395321969
40.485155526374
40.46149834850803
40.43785241799196
40.414217732381076
40.390594290045556
40.36698208877351
40.343381126294844
40.31979140127078
40.29621291026706
40.27264565229416
40.24908962531481
40.22554482636042
40.202011254266836
40.17848890624009
40.15497778070858
40.13147787516937
40.10798918787623
40.084511716268025
40.061045458656736
40.03759041253943
40.014146576286294
39.99071394704515
39.96729252341902
39.94388230307959
39.920483283291105
39.89709546265658
39.87371883855667
39.85035340912873
39.826999172219075
39.803656125150155
39.7803242666414
39.75700359372422
39.73369410436135
39.710395796690136
39.68710866844049
39.66383271740051
39.64056794089265
39.61731433751993
39.594071904663
39.570840640109964
39.547620541474316
39.52441160706803
39.501213834271766
39.47802722099004
39.45485176501097
39.43168746406445
39.40853431553114
39.38539231818868
39.36226146866102
39.33914176537655
39.31603320594877
39.29293578810757
39.26984950952465
39.2467743679299
39.22371036111144
39.20065748709021
39.17761574307224
39.15458512684563
39.13156563672237
39.10855726944283
39.08556002372643
39.06257389683742
39.03959888627287
39.016634989820886
38.993682205385994
38.97074053081451
38.94780996325426
38.92489050066797
38.90198214072734
38.8790848813951
38.85619871970266
38.83332365384558
38.81045968120452
38.787606799800415
38.7647650068393
38.74193430034211
38.719114677689504
38.69630613661138
38.67350867472123
38.650722289981786
38.62794697959907
38.605182741303
38.58242957276525
38.559687471890356
38.536956435767934
38.51423646241892
38.49152754910756
38.468829693912994
38.44614289392484
38.423467147222254
38.400802450894844
38.378148803138174
38.35550620110007
38.3328746422776
38.31025412486633
38.28764464572305
38.265046202694066
38.24245879368391
38.21988241589861
38.197317066718824
38.17476274416549
38.15221944573568
38.12968716857722
38.10716591053642
38.0846556694014
38.06215644191252
38.03966822678922
38.01719102048082
37.99472482095007
37.97226962604327
37.94982543261722
37.927392238692846
37.90497004170902
37.88255883892998
37.86015862826025
37.83776940690586
37.815391172422096
37.79302392224781
37.77066765422933
37.74832236539805
37.72598805365851
37.70366471604211
37.68135235051159
37.65905095421476
37.6367605245905
37.61448105954332
37.59221255610464
37.56995501171332
37.54770842415746
37.52547279075952
37.503248109074775
37.481034376251046
37.458831589785405
37.436639747640584
37.41445884661516
37.39228888443904
37.3701298586675
37.34798176615732
37.32584460522048
37.30371837259736
37.28160306601785
37.2594986827462
37.23740522033768
37.21532267599832
37.19325104734162
37.17119033174822
37.149140526598785
37.127101629041135
37.105073637038004
37.08305654732976
37.06105035764631
37.039055065542925
37.017070667934604
36.99509716255125
36.97313454677351
36.951182817691006
36.92924197309185
36.90731200989103
36.88539292564383
36.86348471790552
36.841587383823935
36.819700920721516
36.79782532592071
36.775960596860386
36.754106731154025
36.73226372565841
36.71043157787062
36.68861028528772
36.66679984505754
36.64500025450252
36.62321151100332
36.60143361194059
36.579666554694995
36.557910336588975
36.53616495442111
36.51443040597951
36.49270668864483
36.47099379939027
36.44929173577111
36.4276004951098
36.405920074437745
36.384250471077394
36.36259168264223
36.34094370598905
36.31930653878953
36.297680178133305
36.27606462110998
36.25445986521663
36.232865907717496
36.21128274605144
36.18971037690062
36.16814879816957
36.14659800683148
36.12505799968494
36.10352877515834
36.08201032917714
36.0605026599369
36.039005764294416
36.017519639397506
35.9960442824522
35.97457969118841
35.953125862404704
35.931682793365326
35.9102504812181
35.888828923460096
35.8674181169481
35.846018059470225
35.82462874741759
35.80325017875293
35.78188235021662
35.76052525930572
35.73917890305165
35.71784327860223
35.6965183832217
35.6752042141743
35.653900768607855
35.632608043728396
35.61132603639271
35.590054744447116
35.56879416445736
35.5475442938623
35.52630512963515
35.505076669331174
35.483858909865376
35.462651848385576
35.44145548186498
35.420269807975274
35.39909482357325
35.377930525515694
35.356776911532506
35.33563397830585
35.314501723391004
35.293380143353716
35.27226923580747
35.25116899778368
35.230079426662996
35.20900051872013
35.187932271917816
35.16687468334567
35.14582774945302
35.12479146831902
35.10376583575271
35.082750850589946
35.06174650817411
35.0407528069336
35.01976974320132
34.99879731488181
34.97783551772591
34.95688435022021
34.93594380869763
34.915013890422415
34.89409459277522
34.87318591203075
34.85228784638457
34.831400391994976
34.81052354600979
34.78965730650816
34.76880166929914
34.747956632229034
34.72712219192181
34.70629834581632
34.685485090652946
34.664682423637714
34.64389034197666
34.62310884264298
34.60233792208601
34.581577578617726
34.56082780804718
34.54008860804606
34.519359975412954
34.498641907586716
34.47793440130772
34.45723745354917
34.43655106110964
34.41587522183545
34.39520993176848
34.37455518869683
34.353910989360884
34.33327733067563
34.31265420973068
34.292041623732075
34.27143956924556
34.25084804382641
34.23026704398217
34.209696567151695
34.18913660990074
34.16858716949355
34.14804824319435
34.127519827277865
34.10700191935757
34.08649451623205
34.06599761475809
34.04551121185068
34.02503530529793
34.004569890676066
33.984114966355264
33.9636705283192
33.94323657389032
33.922813100449275
33.90240010415437
33.88199758250266
33.86160553240916
33.841223950788844
33.8208528344403
33.80049218056956
33.780141985975206
33.75980224774685
33.73947296233382
33.71915412764065
33.69884573970921
33.67854779586196
33.658260293188505
33.637983228079975
33.61771659826627
33.59746039978927
33.577214630378876
33.556979286368005
33.53675436513731
33.51653986319434
33.4963357776287
33.47614210587926
33.45595884375507
33.43578598898603
33.41562353842892
33.39547148894053
33.37532983708661
33.35519858007319
33.33507771481527
33.31496723811142
33.29486714687664
33.274777438200545
33.254698108532466
33.234629155136645
33.21457057498628
33.19452236464713
33.174484521034174
33.154457041295245
33.134439922112506
33.11443316034274
33.094436752959155
33.07445069681853
33.054474988835864
33.03450962569332
33.0145546044223
32.99460992193781
32.97467557498021
32.9547515604645
32.93483787513105
32.91493451583665
32.895041479729116
32.875158763548825
32.85528636391973
32.83542427793145
32.815572502149735
32.795731033722404
32.77589986938983
32.756079005950596
32.736268440203276
32.71646816923749
32.69667818956077
32.676898498262744
32.65712909179274
32.637369967473205
32.617621121695265
32.59788255166495
32.57815425406443
32.55843622540124
32.53872846305603
32.519030963245314
32.499343723466154
32.479666739935055
32.46000000968343
32.44034352945164
32.42069729609648
32.40106130670756
32.38143555744318
32.361820045684
32.342214767995756
32.32261972123524
32.303034902201034
32.283460307109635
32.26389593404019
32.24434177845251
32.22479783807648
32.20526410912862
32.18574058852391
32.16622727335198
32.1467241597129
32.12723124527838
32.107748526206706
32.08827599918004
32.06881366140442
32.0493615095038
32.02991954004392
32.010487750172615
31.991066135989968
31.971654695051257
31.9522534236894
31.93286231881939
31.913481376715936
31.894110594934318
31.874749969691038
31.855399497493636
31.836059176013805
31.81672900117701
31.797408970014658
31.7780990790925
31.758799325558357
31.739509705570526
31.720230216451455
31.700960854650475
31.681701616907958
31.662452499964274
31.643213500501588
31.623984615202062
31.60476584121352
31.58555717469426
31.566358612617478
31.54717015189817
31.52799178881105
31.50882352067856
31.489665343484376
31.47051725431811
31.45137925032759
31.432251327321865
31.41313348262338
31.3940257129143
31.37492801481858
31.35584038484376
31.336762819846626
31.317695316509344
31.298637871921528
31.27959048183402
31.260553143918514
31.241525854275096
31.2225086101098
31.203501407406293
31.184504243603442
31.165517114684917
31.146540017798543
31.127572949626483
31.10861590661807
31.089668885571882
31.070731883344706
31.051804896094836
31.032887921261135
31.013980954652652
30.995083993824665
30.976197034760844
30.95732007420156
30.938453109236434
30.919596136373002
30.900749152060598
30.881912152981386
30.863085135933943
30.84426809765864
30.82546103472123
30.806663943687454
30.78787682123948
30.769099664175883
30.750332469062414
30.731575232406612
30.71282795118168
30.69409062154591
30.675363240763545
30.656645804992877
30.63793831091607
30.61924075568095
30.600553134980146
30.581875446485355
30.56320768612204
30.544549850863405
30.52590193739161
30.50726394186495
30.488635861314833
30.47001769253984
30.451409431756474
30.43281107576331
30.4142226211261
30.395644064585213
30.377075402648188
30.35851663223002
30.339967749197967
30.32142875122372
30.302899633941706
30.28438039473258
30.265871029812843
30.24737153557362
30.228881909046322
30.210402147087734
30.191932245448697
30.173472201509867
30.15502201131312
30.13658167171525
30.118151179573033
30.099730531102978
30.081319723045453
30.062918752082624
30.044527614605613
30.026146307296585
30.007774826837704
29.98941316973651
29.971061332558747
29.952719312277623
29.934387104702182
29.916064706922043
29.89775211561937
29.879449327418115
29.86115633812733
29.8428731453605
29.824599745159503
29.806336134206504
29.78808230883442
29.769838265958242
29.751604002260137
29.733379513723776
29.715164797496982
29.696959849854466
29.678764667653013
29.66057924722554
29.642403584730346
29.624237677722704
29.60608152183704
29.587935114395805
29.569798451208044
29.551671529305167
29.53355434531113
29.515446895558853
29.497349176672287
29.479261185100768
29.461182917351834
29.44311437063152
29.425055540690664
29.407006424327847
29.388967018050607
29.370937318832148
29.352917322714347
29.33490702632116
29.31690642645117
29.29891551937908
29.280934301845264
29.262962770240847
29.245000921131577
29.227048751083203
29.20910625671968
29.191173434490338
29.17325028096093
29.15533679240616
29.137432966032065
29.119538797356654
29.101654283876996
29.08377942192601
29.065914207254536
29.048058637301438
29.030212708574254
29.012376416649204
28.99454975896515
28.97673273202963
28.958925331709906
28.941127555037383
28.923339398461394
28.90556085848948
28.887791931512766
28.870032614155207
28.85228290274972
28.83454279426951
28.816812284872867
28.799091370776296
28.781380049302243
28.76367831614334
28.74598616838921
28.728303602256346
28.710630614019465
28.692967200942803
28.675313358777203
28.657669084495865
28.640034374198876
28.622409224626608
28.60479363257764
28.58718759380281
28.56959110533353
28.552004163793754
28.534426765341777
28.516858906310517
28.49930058378959
28.481751793879084
28.464212532970123
28.44668279774487
28.429162584769074
28.411651890492067
28.394150711013936
28.376659043540712
28.35917688376503
28.34170422895113
28.324241074966267
28.30678741837619
28.289343256212305
28.271908584283665
28.254483399214223
28.237067697918974
28.21966147632338
28.20226473151706
28.184877458959818
28.16749965638155
28.15013131935848
28.13277244474739
28.11542302876478
28.098083067976404
28.080752559413668
28.063431498594582
28.04611988266697
28.028817707439885
28.0115249704686
27.99424166715471
27.976967794296797
27.959703348809853
27.94244832644472
27.92520272434922
27.907966538099572
27.890739765251055
27.873522401205264
27.85631444340106
27.839115887589287
27.821926730219275
27.804746968555264
27.78757659799885
27.770415615465026
27.753264017694164
27.736121800844558
27.71898896136554
27.701865495473612
27.6847514003166
27.667646671587136
27.65055130631663
27.633465300430544
27.616388650785666
27.599321353656705
27.582263405492995
27.565214802860282
27.54817554197507
27.531145619461313
27.514125031710137
27.49711377522908
27.48011184617644
27.463119241583627
27.446135957085062
27.42916198988678
27.412197335914243
27.3952419917332
27.3782959539094
27.361359218833968
27.344431782956235
27.32751364237629
27.310604793892708
27.293705234187655
27.276814958953764
27.25993396510603
27.24306224915199
27.226199807133526
27.20934663596563
27.192502731631976
27.17566809093114
27.15884270967217
27.14202658541035
27.125219713081606
27.108422090415843
27.091633713280316
27.074854577775113
27.058084681339096
27.041324019024614
27.02457258850336
27.007830385351554
26.991097406600602
26.97437364788493
26.957659106701612
26.940953778277617
26.92425766022643
26.924257660051808
26.94095377845224
26.95765910652699
26.974373648001347
26.99109740642598
27.00783038546797
27.024572588445153
27.041324019082822
27.058084681164473
27.074854578007944
27.0916337131639
27.108422090415843
27.12521971325623
27.14202658511931
27.158842709846795
27.175668090872932
27.192502731631976
27.20934663596563
27.22619980724994
27.243062249035574
27.259933965222444
27.276814958895557
27.293705234129447
27.310604794009123
27.327513642434496
27.34443178283982
27.36135921877576
27.37829595396761
27.3952419917332
27.41219733597245
27.429161989770364
27.446135957201477
27.46311924146721
27.48011184617644
27.49711377522908
27.514125031768344
27.531145619403105
27.548175542091485
27.565214802743867
27.582263405551203
27.599321353656705
27.616388650785666
27.633465300430544
27.65055130625842
27.667646671587136
27.6847514003166
27.701865495590027
27.718988961249124
27.736121800844558
27.753264017694164
27.77041561563965
27.78757659799885
27.80474696838064
27.821926730393898
27.83911588747287
27.856314443342853
27.873522401379887
27.89073976513464
27.907966538215987
27.925202724174596
27.942448326502927
27.959703348751646
27.976967794413213
27.99424166715471
28.011524970352184
28.028817707614508
28.046119882550556
28.063431498536374
28.080752559297252
28.098083068209235
28.115423028706573
28.13277244468918
28.15013131935848
28.167499656323344
28.184877459076233
28.20226473134244
28.21966147638159
28.23706769797718
28.25448339927243
28.271908584283665
28.289343256154098
28.306787418434396
28.32424107490806
28.341704228892922
28.359176883881446
28.376659043424297
28.39415071113035
28.41165189043386
28.429162584769074
28.446682797861286
28.464212532970123
28.48175179376267
28.49930058378959
28.516858906426933
28.534426765225362
28.552004163793754
28.569591105391737
28.587187593861017
28.604793632461224
28.622409224743024
28.640034374198876
28.65766908437945
28.67531335883541
28.692967200884596
28.710630614194088
28.72830360213993
28.74598616838921
28.76367831614334
28.781380049185827
28.79909137089271
28.81681228481466
28.83454279426951
28.852282902866136
28.87003261403879
28.887791931512766
28.90556085848948
28.923339398461394
28.94112755509559
28.958925331709906
28.97673273185501
28.994549759081565
29.01237641676562
29.03021270839963
29.048058637359645
29.06591420742916
29.08377942169318
29.101654283935204
29.119538797531277
29.137432965857442
29.155336792522576
29.17325028090272
29.19117343443213
29.20910625671968
29.227048751199618
29.24500092107337
29.26296277018264
29.280934301845264
29.29891551937908
29.31690642639296
29.33490702637937
29.352917322714347
29.370937318832148
29.388967018108815
29.407006424386054
29.42505554057425
29.443114370573312
29.461182917584665
29.47926118504256
29.49734917661408
29.515446895500645
29.53355434531113
29.551671529421583
29.569798451149836
29.587935114337597
29.60608152183704
29.624237677722704
29.64240358490497
29.66057924705092
29.678764667536598
29.69695984997088
29.715164797496982
29.733379513781983
29.75160400220193
29.76983826601645
29.788082308950834
29.80633613403188
29.824599745159503
29.842873145302292
29.861156338301953
29.879449327185284
29.897752115735784
29.91606470703846
29.934387104702182
29.952719312044792
29.971061332675163
29.989413169794716
30.00777482689591
30.026146307296585
30.044527614547405
30.062918752024416
30.081319723045453
30.099730531102978
30.118151179573033
30.13658167188987
30.15502201131312
30.173472201335244
30.191932245448697
30.21040214697132
30.228881909279153
30.247371535631828
30.26587102963822
30.28438039473258
30.30289963405812
30.321428751107305
30.339967749314383
30.358516632113606
30.377075402706396
30.395644064585213
30.4142226211261
30.432811075705104
30.451409431756474
30.47001769253984
30.48863586137304
30.50726394186495
30.5259019373334
30.544549850863405
30.56320768612204
30.581875446543563
30.60055313509656
30.619240755506326
30.637938310974278
30.656645804992877
30.675363240705337
30.69409062160412
30.712827951123472
30.731575232406612
30.750332469062414
30.769099664175883
30.787876821355894
30.806663943629246
30.82546103466302
30.84426809771685
30.86308513605036
30.881912152923178
30.900749152060598
30.919596136256587
30.93845310929464
30.95732007425977
30.976197034702636
30.99508399370825
31.013980954769067
31.032887921202928
31.051804896153044
31.0707318832865
31.08966888563009
31.108615906559862
31.1275729497429
31.146540017798543
31.165517114684917
31.184504243487027
31.2035014074645
31.222508609993383
31.24152585439151
31.260553143976722
31.279590481892228
31.298637871746905
31.31769531656755
31.336762819904834
31.355840384727344
31.37492801481858
31.3940257129143
31.413133482681587
31.43225132743828
31.451379250152968
31.470517254434526
31.489665343542583
31.508823520503938
31.52799178881105
31.547170151839964
31.566358612675685
31.585557174752466
31.604765841155313
31.623984615318477
31.643213500385173
31.662452499964274
31.681701616907958
31.700960854650475
31.720230216451455
31.739509705628734
31.758799325558357
31.7780990790925
31.79740896995645
31.81672900117701
31.83605917589739
31.855399497784674
31.874749969516415
31.894110594934318
31.913481376715936
31.93286231876118
31.9522534236894
31.971654695109464
31.991066136106383
32.0104877500562
32.02991954004392
32.0493615095038
32.06881366146263
32.08827599918004
32.1077485261485
32.12723124527838
32.14672415977111
32.16622727329377
32.18574058864033
32.20526410907041
32.224797838018276
32.24434177856892
32.26389593392378
32.28346030728426
32.30303490202641
32.32261972123524
32.342214767995756
32.361820045684
32.38143555750139
32.40106130664935
32.42069729621289
32.44034352933522
32.46000000968343
32.479666739935055
32.49934372334974
32.51903096336173
32.53872846305603
32.55843622551765
32.578154253948014
32.59788255166495
32.61762112181168
32.637369967415
32.65712909185095
32.67689849814633
32.69667818956077
32.71646816923749
32.73626844026148
32.75607900589239
32.77589986944804
32.795731033722404
32.81557250220794
32.83542427781504
32.85528636391973
32.875158763548825
32.895041479729116
32.91493451601127
32.934837875072844
32.954751560348086
32.974675574922
32.99460992193781
33.01455460448051
33.03450962569332
33.054474988835864
33.07445069681853
33.094436752959155
33.11443316034274
33.134439922112506
33.154457041295245
33.17448452109238
33.19452236458892
33.21457057486987
33.23462915525306
33.254698108590674
33.27477743808413
33.29486714693485
33.31496723811142
33.33507771481527
33.35519858007319
33.37532983708661
33.395471488824114
33.41562353854533
33.43578598898603
33.455958843871485
33.47614210564643
33.49633577786153
33.51653986319434
33.5367543650209
33.55697928648442
33.57721463032067
33.59746039984748
33.617716598149855
33.63798322819639
33.65826029307209
33.67854779586196
33.69884573970921
33.71915412764065
33.739472962450236
33.75980224763043
33.780141986033414
33.800492180511355
33.82085283449851
33.84122395073064
33.86160553240916
33.88199758256087
33.90240010415437
33.92281310027465
33.94323657406494
33.963670528377406
33.98411496618064
34.00456989085069
34.0250353050651
34.0455112120253
34.06599761475809
34.08649451617384
34.10700191935757
34.12751982739428
34.14804824301973
34.168587169551756
34.18913661001716
34.20969656703528
34.230267044040374
34.2508480437682
34.271439569361974
34.29204162361566
34.31265420973068
34.33327733067563
34.353910989360884
34.37455518881325
34.395209931826685
34.415875221660826
34.43655106128426
34.457237453374546
34.47793440124951
34.498641907644924
34.51935997552937
34.540088607987855
34.56082780810539
34.581577578384895
34.60233792231884
34.623108842468355
34.643890342034865
34.664682423637714
34.685485090711154
34.706298345758114
34.72712219192181
34.747956632170826
34.768801669357345
34.789657306391746
34.81052354630083
34.831400391994976
34.85228784620995
34.87318591220537
34.894094592600595
34.91501389048062
34.93594380875584
34.956884350162
34.97783551784232
34.998797314590774
35.01976974331774
35.0407528069336
35.061746508290526
35.082750850357115
35.10376583598554
35.1247914682026
35.14582774951123
35.166874683171045
35.18793227203423
35.20900051883655
35.230079426430166
35.251168997900095
35.272269235923886
35.293380143353716
35.31450172327459
35.33563397830585
35.356776911532506
35.37793052563211
35.399094823456835
35.420269807975274
35.44145548198139
35.46265184826916
35.483858909865376
35.505076669331174
35.526305129693355
35.547544293804094
35.568794164515566
35.59005474438891
35.611326036509126
35.63260804361198
35.65390076854965
35.67520421423251
35.6965183832217
35.71784327860223
35.73917890305165
35.76052525930572
35.781882350333035
35.803250178694725
35.82462874753401
35.8460180592956
35.86741811706452
35.88882892340189
35.91025048127631
35.93168279324891
35.95312586228829
35.974579691304825
35.99604428256862
36.01751963928109
36.039005764294416
36.0605026599369
36.082010329235345
36.10352877510013
36.125057999859564
36.146598006773274
36.16814879811136
36.18971037695883
36.21128274593502
36.232865907775704
36.25445986521663
36.27606462116819
36.29768017801689
36.31930653878953
36.34094370598905
36.36259168264223
36.3842504711356
36.40592007437954
36.4276004951098
36.44929173577111
36.47099379950669
36.49270668858662
36.514430406095926
36.53616495442111
36.55791033641435
36.579666554694995
36.60143361205701
36.62321151106153
36.64500025450252
36.66679984499933
36.68861028517131
36.71043157792883
36.732263725600205
36.75410673109582
36.775960596918594
36.79782532597892
36.81970092066331
36.841587383823935
36.86348471790552
36.885392925702035
36.90731200994924
36.92924197297543
36.95118281774921
36.9731345467153
36.99509716266766
37.017070667934604
37.03905506548472
37.06105035764631
37.08305654738797
37.10507363692159
37.12710162915755
37.14914052648237
37.17119033174822
37.193251047458034
37.215322675940115
37.237405220395885
37.25949868268799
37.28160306601785
37.30371837259736
37.32584460522048
37.34798176627373
37.37012985855108
37.39228888438083
37.41445884661516
37.43663974752417
37.45883158990182
37.481034376251046
37.50324810895836
37.52547279087594
37.54770842421567
37.569955011829734
37.59221255593002
37.61448105954332
37.63676052464871
37.659050954156555
37.68135235051159
37.70366471604211
37.72598805365851
37.74832236545626
37.77066765417112
37.79302392236423
37.815391172422096
37.83776940690586
37.860158628143836
37.882558839046396
37.90497004165081
37.927392238751054
37.94982543261722
37.972269625926856
37.994724821008276
38.017191020422615
38.0396682266728
38.06215644214535
38.084655669284984
38.10716591059463
38.12968716863543
38.15221944561927
38.1747627442237
38.19731706683524
38.21988241572399
38.2424587936257
38.26504620281048
38.287644645781256
38.31025412469171
38.33287464239402
38.35550620110007
38.37814880307997
38.40080245095305
38.42346714716405
38.44614289404126
38.46882969379658
38.491527549223974
38.514236462302506
38.536956435767934
38.55968747177394
38.582429572881665
38.605182741303
38.62794697959907
38.65072228986537
38.673508674954064
38.696306136553176
38.71911467774771
38.741934300225694
38.764765006897505
38.78760679974221
38.81045968126273
38.833323653787374
38.856198719819076
38.87908488116227
38.90198214084376
38.92489050066797
38.94780996325426
38.970740530698095
38.99368220550241
39.016634989879094
39.03959888621466
39.062573896721005
39.085560023842845
39.10855726961745
39.131565636605956
39.15458512696205
39.177615742897615
39.200657486973796
39.22371036122786
39.24677436798811
39.26984950946644
39.29293578810757
39.31603320594877
39.33914176549297
39.36226146866102
39.38539231807226
39.408534315705765
39.43168746388983
39.454851764952764
39.47802722099004
39.501213834329974
39.52441160706803
39.54762054164894
39.570840640051756
39.594071904663
39.61731433751993
39.64056794095086
39.66383271722589
39.687108668498695
39.710395796690136
39.733694104419556
39.75700359366601
39.78032426658319
39.80365612526657
39.82699917210266
39.85035340912873
39.87371883861488
39.89709546265658
39.92048328334931
39.94388230284676
39.96729252347723
39.99071394716157
40.014146576228086
40.03759041253943
40.061045458656736
40.084511716268025
40.10798918787623
40.131477875227574
40.15497778065037
40.1784889062983
40.20201125420863
40.225544826476835
40.249089625198394
40.27264565235237
40.296212910383474
40.31979140097974
40.34338112641126
40.36698208883172
40.39059429010376
40.41421773243928
40.437852417933755
40.461498348391615
40.485155526257586
40.50882395339431
40.53250363172265
40.556194563396275
40.57989675051067
40.603610195044894
40.62733489909442
40.65107086446369
40.67481809348101
40.69857658795081
40.72234634991037
40.74612738145515
40.76991968450602
40.79372326110024
40.81753811321687
40.84136424300959
40.86520165205002
40.88905034272466
40.91291031683795
40.936781576427165
40.96066412329674
40.98455795971677
41.00846308731707
41.032379508251324
41.05630722444039
41.0802462376887
41.10419655026635
41.12815816368675
41.15213108021999
41.17611530155409
41.20011082984274
41.22411766689038
41.248135814559646
41.272165274771396
41.2962060495629
41.320258140563965
41.3443215500447
41.36839627951849
41.39248233125545
41.41657970682718
41.44068840815453
41.464808437158354
41.48893979593413
41.51308248587884
41.53723650914617
41.56140186765697
41.58557856309926
41.60976659733569
41.633965972287115
41.65817668964155
41.68239875155268
41.706632159417495
41.73087691527326
41.75513302098261
41.77940047835
41.80367928906344
41.827969455043785
41.85227097803727
41.87658385979012
41.900908102223184
41.92524370690808
41.949590675882064
41.97394901071675
41.99831871333299
42.0226997853606
42.04709222866222
42.07149604498409
42.0959112358978
42.12033780338243
42.144775749067776
42.169225074816495
42.19368578202557
42.218157872906886
42.242641348799225
42.26713621150702
42.29164246277651
42.31616010441212
42.340689137985464
42.36522956524277
42.38978138769744
42.414344607444946
42.43891922570765
42.46350524452282
42.48810266540386
42.512711489980575
42.537331719882786
42.561963357031345
42.586606402823236
42.61126085894648
42.63592672703089
42.66060400888091
42.68529270600993
42.70999281993136
42.73470435256604
42.759427305019926
42.78416167956311
42.808907477301545
42.83366470003966
42.85843334940728
42.88321342674317
42.9080049340846
42.93280787259573
42.95762224402279
42.98244804987917
43.007285291852895
43.03213397145737
43.056994090089574
43.08186564972857
43.10674865124747
43.131643096741755
43.156548987550195
43.18146632530261
43.20639511127956
43.2313353473437
43.25628703471739
43.28125017520506
43.30622476985445
43.331210820702836
43.35620832873974
43.38121729600243
43.40623772342224
43.431269612920005
43.456312965543475
43.48136778327171
43.50643406715244
43.53151181875728
43.55660103959963
43.58170173119288
43.6068138947594
43.63193753187079
43.65707264398225
43.682219232432544
43.70737729879329
43.732546844286844
43.757727870484814
43.78292037860956
43.8081243702909
43.83333984675119
43.85856680944562
43.88380525977118
43.90905519912485
43.93431662872899
43.9595895500388
43.98487396445125
44.010169873479754
44.03547727811383
44.06079617992509
44.08612658025231
44.11146848037606
44.13682188157691
44.16218678536825
44.18756319285603
44.21295110543724
44.23835052450886
44.26376145123504
44.289183886838146
44.31461783294799
44.3400632905541
44.365520260937046
44.390988745493814
44.41646874556318
44.44196026213467
44.46746329666348
44.49297785043018
44.51850392454071
44.544041520450264
44.56959063903196
44.5951512818574
44.620723450090736
44.64630714477971
44.6719023672631
44.697509118763264
44.723127400444355
44.74875721358694
44.774398559122346
44.80005143850576
44.82571585284313
44.85139180329861
44.877079290978145
44.902778317104094
44.928488882724196
44.95421098935185
44.97994463762734
45.00568982894765
45.03144656447694
45.05721484537935
45.082994672528
45.108786047203466
45.13458897068631
45.16040344373323
45.186229467683006
45.21206704346696
45.23791617236566
45.26377685536863
45.289649093465414
45.315532887820154
45.34142823936418
45.367335149494465
45.393253618851304
45.41918364877347
45.44512524007587
45.47107839392265
45.49704311141977
45.523019393440336
45.54900724097388
45.57500665518455
45.60101763700368
45.627040187479
45.653074307367206
45.67911999806529
45.705177260097116
45.73124609485967
45.75732650299324
45.783418485778384
45.80952204368077
45.8356371782138
45.86176388995955
45.887902180082165
45.91405204916373
45.94021349854302
45.96638652891852
45.99257114127977
46.018767336325254
46.044975115335546
46.07119447895093
46.09742542804452
46.12366796354763
46.149922086449806
46.176187797565944
46.20246509753633
46.228753987466916
46.255054468347225
46.28136654064292
46.30769020540174
46.334025463380385
46.36037231562659
46.386730762722436
46.41310080542462
46.439482444897294
46.465875681547914
46.49228051654063
46.5186969502829
46.54512498388067
46.57156461797422
46.59801585326204
46.62447869061725
46.650953130971175
46.67743917455664
46.703936822654214
46.73044607567135
46.75696693465579
46.78349940001499
46.810043472622056
46.83659915311728
46.86316644237377
46.88974534103181
46.91633584961528
46.94293796888087
46.96955169981811
46.99617704265984
47.02281399833737
47.04946256743278
47.07612275070278
47.10279454855481
47.12947796197841
47.15617299138103
47.182879637461156
47.20959790080087
47.23632778204046
47.26306928182021
47.289822400780395
47.316587139328476
47.343363498395775
47.37015147821512
47.396951079543214
47.42376230302034
47.45058514905395
47.47741961834254
47.50426571135176
47.53112342854729
47.55799277074402
47.584873738233
47.61176633165451
47.638670551416
47.66558639815776
47.69251387240365
47.71945297450293
47.74640370497946
47.77336606453173
47.80034005345078
47.82732567220228
47.85432292119367
47.881331801298074
47.90835231234087
47.93538445531158
47.96242823044304
47.98948363796808
48.0165506786434
48.04362935281824
48.07071966078365
48.09782160288887
48.124935179774184
48.15206039178884
48.179197239049245
48.2063457222539
48.23350584163563
48.26067759754369
48.28786099050194
48.3150560206268
48.34226268832572
48.36948099406436
48.39671093807556
48.42395252076676
48.45120574225439
48.47847060312051
48.505747103423346
48.53303524380317
48.56033502408536
48.587646444910206
48.61496950633591
48.642304208886344
48.669650552619714
48.69700853788527
48.724378164857626
48.75175943376962
48.779152345028706
48.80655689863488
48.83397309493739
48.86140093416907
48.88884041656274
48.916291542118415
48.94375431118533
48.971228724112734
48.9987147806678
49.02621248131618
49.053721826232504
49.08124281547498
49.108775449276436
49.136319727578666
49.16387565084733
49.191443218966015
49.219022431992926
49.246613290393725
49.27421579399379
49.301829942909535
49.329455737257376
49.35709317721194
49.38474226283142
49.41240299411584
49.440075371123385
49.467759394145105
49.495455062773544
49.523162377416156
49.55088133807294
49.578611944802105
49.60635419731261
49.63410809595371
49.66187364072539
49.68965083139483
49.71743966819486
49.745240150834434
49.7730522796046
49.80087605438894
49.828711474954616
49.856558541359846
49.884417253837455
49.91228761197999
49.940169615729246
49.96806326514343
49.99596856010612
50.02388550067553
50.05181408650242
50.07975431752857
50.107706193753984
50.13566971512046
50.16364488139516
50.191631692345254
50.21963014797075
50.24764024821343
50.27566199254943
50.30369538121158
50.33174041402526
50.35979709040839
50.387865410593804
50.41594537417404
50.4440369810909
50.47214023093693
50.50025512377033
50.528381659067236
50.55651983682765
50.584669656760525
50.612831118516624
50.64100422186311
50.66918896679999
50.69738535274519
50.72559337946586
50.7538130467874
50.78204435441876
50.8102873020689
50.838541889272165
50.866808115912136
50.895085981464945
50.923375485872384
50.95167662849417
50.9799894093303
51.00831382762408
51.0366498833755
51.06499757594429
51.09335690521402
51.121727870602626
51.15011047170265
51.17850470828125
51.206910579814576
51.23532808601158
51.263757226231974
51.292198000184726
51.320650407637004
51.34911444759928
51.377590120071545
51.40607742452994
51.434576360392384
51.463086927251425
51.49160912458319
51.52014295198023
51.548688408744056
51.577245494525414
51.60581420885865
51.63439455110347
51.66298652079422
51.691590117290616
51.72020534006879
51.748832188837696
51.77747066266602
51.8061207611463
51.83478248369647
51.86345582967624
51.89214079850353
51.920837389770895
51.94954560243059
51.978265436482616
52.006996890646406
52.03573996463092
52.064494657795876
52.09326096938457
52.12203889893135
52.15082844538847
52.1796296085231
52.20844238734571
52.237266781390645
52.26610278955195
52.29495041165501
52.32380964665208
52.352680493786465
52.3815629525925
52.41045702213887
52.439362701552454
52.468279990309384
52.49720888759475
52.526149392535444
52.555101504549384
52.584065222530626
52.61304054589709
52.642027473892085
52.67102600552607
52.70003614004236
52.72905787662603
52.75809121452039
52.787136152677704
52.81619269051589
52.845260826754384
52.87434056104394
52.903431891987566
52.93253481911961
52.961649341275916
52.99077545758337
53.019913167343475
53.04906246927567
53.078223362681456
53.10739584668772
53.136579920130316
53.16577558219433
53.194982831773814
53.22420166817028
53.25343209016137
53.28267409664113
53.31192768702749
53.34119285992347
53.37046961457236
53.399757949693594
53.42905786453048
53.45836935786065
53.487692428636365
53.5170270758681
53.546373298508115
53.57573109533405
53.605100465530995
53.634481407585554
53.66387392091565
53.693278003891464
53.7226936557563
53.7521208752878
53.78155966132181
53.81101001269417
53.84047192824073
53.86994540685555
53.89943044743268
53.92892704857513
53.958435209293384
53.987954928248655
54.017486204451416
54.04702903638827
54.07658342306968
54.10614936321508
54.13572685542749
54.16531589871738
54.194916491629556
54.22452863299986
54.25415232148953
54.28378755575977
54.31343433458824
54.34309265692718
54.372762520913966
54.40244392561726
54.43213686958188
54.46184135170188
54.49155737023102
54.52128492417978
54.551024011860136
54.58077463222435
54.610536783526186
54.64031046477612
54.67009567428613
54.69989241071744
54.72970067273127
54.759520458756015
54.78935176751111
54.81919459748315
54.84904894721694
54.8789148152573
54.90879220003262
54.93868110026233
54.96858151431661
54.99849344062386
55.02841687796172
55.05835182458395
55.08829827897716
55.118256239627954
55.148225705022924
55.17820667376509
55.208199143758975
55.23820311407326
55.268218582787085
55.29824554832885
55.32828400930157
55.358333963667974
55.388395410438534
55.41846834734315
55.44855277315946
55.478648686024826
55.50875608460046
55.53887496684911
55.56900533119915
55.59914717625361
55.629300499742385
55.65946530067595
55.6896415767842
55.71982932672836
55.75002854835475
55.78023924032459
55.81046140077524
55.84069502790226
55.870940119901206
55.90119667514227
55.9314646916464
55.96174416784197
55.99203510192456
56.022337491682265
56.052651335834526
56.08297663216945
56.113313379115425
56.143661574460566
56.17402121680789
56.204392304003704
56.23477483430179
56.26516880560666
56.2955742161721
56.32599106413545
56.356419347575866
56.38685906433966
56.417310212913435
56.447772790968884
56.478246796817984
56.50873222819064
56.53922908351524
56.56973736046348
56.60025705723092
56.63078817166388
56.66133070207434
56.69188464619219
56.722450001805555
56.7530267672264
56.78361494030105
56.81421451905044
56.844825501029845
56.875447884667665
56.90608166757738
56.936726847605314
56.96738342300523
56.9980513912742
57.02873075049138
57.05942149844486
57.090123632980976
57.12083715212066
57.151562053360976
57.182298334897496
57.2130459943437
57.2438050294877
57.274575438175816
57.30535721825436
57.33615036739502
57.36695488356054
57.39777076407336
57.428598007245455
57.45943661039928
57.49028657149756
57.521147888212
57.55202055803966
57.58290457888506
57.613799948536325
57.644706664432306
57.67562472441932
57.706554125936236
57.73749486688757
57.768446944945026
57.79941035725642
57.83038510213373
57.861371176782995
57.89236857864307
57.923377305676695
57.95439735543914
57.985428725078236
58.01647141267313
58.04752541537164
58.07859073119471
58.10966735705733
58.14075529092224
58.171854530170094
58.20296507229796
58.234086914744694
58.26522005506558
58.296364490815904
58.327520219259895
58.358687237952836
58.38986554433359
58.4210551357246
58.45225600985577
58.48346816370031
58.51469159487169
58.545926300866995
58.577172279008664
58.60842952650273
58.63969804090448
58.670977819361724
58.70226885948796
58.733571158431005
58.76488471333869
58.796209521824494
58.82754558121087
58.858892888529226
58.89025144116022
58.9216212364845
58.95300227147527
58.98439454374602
59.01579805021174
59.04721278836951
59.07863875525072
59.110075948003214
59.14152436400764
59.172984000411816
59.20445485430537
59.23593692295253
59.26743020332651
59.29893469263334
59.33045038837008
59.361977286986075
59.39351538621122
59.425064682844095
59.4566251738579
59.4881968566915
59.51977972808527
59.55137378536165
59.58297902531922
59.614595445164014
59.64622304192744
59.6778618125245
59.70951175398659
59.741172863403335
59.77284513763152
59.804528573702555
59.836223168706056
59.867928919324186
59.89964582276298
59.93137387587922
59.963113075413276
59.99486341845477
60.02662490203511
60.058397522661835
60.09018127754098
60.121976163529325
60.15378217725083
60.185599315853324
60.21742757578613
60.2492669543135
60.281117448059376
60.31297905364772
60.34485176799353
60.37673558818642
60.40863051061751
60.440536532201804
60.47245364950504
60.50438185961684
60.53632115892833
60.56827154447092
60.60023301257752
60.63220556033775
60.66418918420095
60.69618388090748
60.72818964696489
60.76020647934638
60.79223437450128
60.82427332911175
60.85632333956892
60.88838440302061
60.920456515450496
60.95253967383178
60.984633874672
61.01673911459511
61.04885538975941
61.08098269731272
61.113121033413336
61.14527039468521
61.1774307776941
61.209602178656496
61.2417845944874
61.27397802140331
61.30618245591177
61.3383978944039
61.370624333561864
61.40286176960217
61.43511019914877
61.46736961818533
61.49964002374327
61.53192141168984
61.56421377864899
61.59651712089544
61.628831434994936
61.661156716931146
61.693492963386234
61.72584017040208
61.75819833466085
61.79056745197158
61.82294751907466
61.85533853195375
61.88774048711639
61.92015338060446
61.95257720880909
61.985011967713945
62.0174576540594
62.04991426359629
62.08238179254113
62.11486023745965
62.14734959410271
62.17984985897783
62.212361027894076
62.244883097242564
62.27741606318159
62.309959921753034
62.34251466905698
62.37508030119352
62.40765681426274
62.440244204422925
62.47284246748313
62.505451599892695
62.53807159740245
62.57070245605428
62.60334417212289
62.6359967411845
62.66866015968844
62.70133442338556
62.734019528201316
62.766715470294
62.79942224547267
62.83213984966278
62.86486827896442
62.89760752907023
62.93035759590566
62.96311847562902
62.995890163991135
63.02867265668465
63.06146594975144
63.09427003894234
63.12708492024103
63.15991058934014
63.19274704210693
63.225594274292234
63.25845228187973
63.291321060271
63.324200605624355
63.357090913457796
63.38999197969679
63.42290379985934
63.455826369754504
63.48875968524953
63.52170374186244
63.55465853528585
63.58762406121241
63.62060031539295
63.65358729340369
63.68658499093726
63.71959340356989
63.752612526819576
63.78564235655358
63.81868288805708
63.85173411719734
63.88479603943415
63.91786865016911
63.95095194521127
63.984045920020435
64.01715056988178
64.05026589054614
64.08339187764795
64.11652852618136
64.14967583218822
64.18283379077911
64.21600239741383
64.2491816477268
64.2823715370032
64.31557206076104
64.34878321416909
64.38200499291997
64.41523739224067
64.44848040759098
64.48173403408146
64.51499826734653
64.54827310255496
64.58155853510834
64.61485456029186
64.64816117333248
64.6814783695736
64.71480614453321
64.74814449291443
64.78149341035169
64.81485289218836
64.84822293330217
64.88160352903651
64.91499467485119
64.94839636556571
64.98180859652348
65.01523136283504
65.04866465984378
65.08210848236922
65.11556282575475
65.14902768516913
65.18250305549009
65.2159889320028
65.24948530970141
65.28299218369648
65.31650954915676
65.35003740066895
65.38357573380927
65.4171245432808
65.45068382431054
65.48425357165979
65.51783378049731
65.55142444558442
65.58502556208987
65.6186371249496
65.65225912886672
65.6858915691264
65.71953444019891
65.75318773736944
65.78685145522468
65.820525589108
65.85421013319865
65.88790508284
65.92161043273518
65.95532617764547
65.98905231250683
66.02278883196414
66.05653573101154
66.0902930040611
66.1240606464562
66.15783865220146
66.19162701664027
66.2254257343593
66.25923479982885
66.29305420810124
66.32688395347213
66.36072403093567
66.39457443502033
66.42843516037101
66.46230620169081
66.49618755356641
66.53007921052631
66.5639811673318
66.59789341851138
66.63181595847709
66.66574878210668
66.69969188357936
66.73364525783109
66.76760889892466
66.80158280197065
66.83556696085725
66.86956137034576
66.90356602508109
66.93758091918426
66.97160604730016
67.00564140389906
67.03968698333483
67.07374277996132
67.10780878830701
67.14188500255113
67.17597141733859
67.2100680268486
67.24417482555145
67.27829180750996
67.31241896742722
67.34655629936606
67.38070379779674
67.41486145666568
67.44902927067596
67.48320723377401
67.51739534031367
67.5515935846488
67.5858019607258
67.62002046295675
67.65424908563728
67.68848782259738
67.72273666824913
67.75699561677175
67.79126466228627
67.82554379873909
67.85983302054228
67.89413232164225
67.92844169598538
67.96276113792555
67.99709064146737
68.03143020044081
68.06577980931615
68.10013946157414
68.13450915174326
68.16888887347886
68.20327862090198
68.23767838801723
68.2720881687128
68.30650795705151
68.34093774680514
68.37537753203651
68.40982730657561
68.44428706442704
68.47875679942081
68.51323650532868
68.54772617603885
68.58222580561414
68.61673538765172
68.65125491609797
68.68578438460827
68.72032378724543
68.754873117432
68.78943236928899
68.82400153641356
68.85858061246108
68.89316959137795
68.9277684665285
68.96237723209197
68.99699588137446
69.03162440820597
69.06626280630007
69.1009110690793
69.13556919049006
69.17023716389667
69.20491498307092
69.23960264155176
69.27430013299454
69.30900745082181
69.34372458874714
69.37845154019305
69.41318829869851
69.44793485791888
69.48269121116027
69.51745735225268
69.55223327426938
69.58701897086576
69.62181443546433
69.65661966154585
69.69143464259105
69.72625937178964
69.76109384285519
69.79593804880278
69.8307919834042
69.86565563967451
69.90052901121089
69.93541209114483
69.97030487295706
70.0052073498955
70.04011951509165
70.07504136225907
70.10997288418002
70.14491407433525
70.17986492603086
70.21482543228194
70.24979558651103
70.2847753817332
70.31976481137099
70.35476386826485
70.38977254583733
70.42479083716171
70.4598187354859
70.49485623359215
70.5299033249612
70.56496000249172
70.60002625908237
70.63510208833031
70.67018748278497
70.70528243569424
70.74038694001501
70.77550098882057
70.81062457506778
70.84575769177172
70.88090033188928
70.9160524882609
70.9512141540763
70.9863853220013
71.0215659851674
71.05675613629865
71.09195576835191
71.12716487428406
71.16238344687736
71.19761147891404
71.2328489634674
71.26809589297045
71.30335226049647
71.33861805888591
71.37389328063
71.40917791903485
71.444471966126
71.4797754152678
71.51508825883502
71.55041048955172
71.58574210025836
71.62108308373718
71.65643343224656
71.69179313874338
71.72716219595168
71.76254059624625
71.79792833246756
71.8333253969322
71.8687317824224
71.90414748166222
71.93957248685183
71.97500679083169
72.01045038603479
72.04590326483594
72.08136541995918
72.11683684377931
72.15231752884574
72.18780746741686
72.22330665239133
72.25881507544545
72.29433273000177
72.32985960744554
72.36539570096647
72.4009410024737
72.43649550451664
72.47205919935368
72.50763207947602
72.54321413696744
72.57880536455195
72.61440575396409
72.6500152979279
72.6856339884107
72.72126181796193
72.75689877860714
72.79254486266291
72.82820006227121
72.86386436963221
72.8995377770625
72.93522027647123
72.9709118604078
73.00661252049031
73.0423222494428
73.07804103888338
73.11376888107043
73.14950576820411
73.18525169219356
73.22100664523896
73.25677061936585
73.29254360636696
73.32832559867529
73.36411658779252
73.39991656615166
73.435725525429
73.47154345782474
73.50737035501515
73.54320620920043
73.57905101199867
73.61490475561004
73.65076743171085
73.68663903221022
73.72251954919193
73.75840897409944
73.79430729913292
73.83021451579407
73.86613061616663
73.90205559192691
73.93798943475122
73.97393213654868
74.00988368899561
74.04584408371011
74.08181331271771
74.11779136734549
74.1537782396772
74.18977392092347
74.22577840322629
74.26179167779628
74.2978137366008
74.33384457108332
74.36988417292014
74.40593253349653
74.44198964477982
74.47805549809709
74.5141300848336
74.55021339672385
74.58630542538594
74.62240616197232
74.65851559839211
74.69463372573955
74.73076053580735
74.76689601968974
74.80304016912123
74.83919297537068
74.87535442976514
74.91152452398092
74.94770324911224
74.98389059648616
75.020086557779
75.05629112402676
75.0925042864983
75.1287260366953
75.16495636594482
75.20119526528288
75.23744272609474
75.27369873970747
75.30996329704067
75.34623638982885
75.38251800864236
75.41880814515753
75.45510679041035
75.49141393549507
75.5277295713895
75.56405368971173
75.60038628103212
75.63672733679414
75.67307684785919
75.70943480567075
75.74580120068276
75.78217602445511
75.8185592678492
75.85495092172641
75.89135097735561
75.92775942542357
75.96417625714093
76.0006014634273
76.03703503491124
76.07347696297802
76.10992723813979
76.1463858516654
76.182852794067
76.21932805649703
76.25581162964227
76.29230350418948
76.3288036713493
76.36531212175032
76.40182884602109
76.43835383513942
76.4748870797921
76.51142857066588
76.54797829862218
76.58453625434777
76.62110242835479
76.65767681162106
76.69425939465873
76.73085016809637
76.76744912267895
76.80405624897685
76.8406715375022
76.87729497917462
76.91392656415701
76.95056628342718
76.98721412714804
77.02387008623919
77.06053415086353
77.09720631188247
77.13388655945892
77.17057488427963
77.20727127679856
77.24397572735325
77.28068822651403
77.31740876467666
77.35413733217865
77.39087391941575
77.4276185168419
77.46437111467822
77.50113170355326
77.53790027351351
77.57467681495473
77.61146131815622
77.64825377345551
77.68505417124834
77.7218625015812
77.75867875484983
77.79550292098429
77.83233499072958
77.86917495378293
77.9060228005983
77.94287852116395
77.97974210593384
78.016613544547
78.05349282774841
78.09037994529353
78.12727488711243
78.16417764354264
78.20108820474707
78.23800656048115
78.2749327008496
78.31186661607353
78.3488082960248
78.38575773051707
78.42271490988787
78.45967982383445
78.49665246228687
78.53363281534985
78.57062087277882
78.60761662450386
78.64462006045505
78.68163117067888
78.71864994452335
78.75567637232598
78.7927104436676
78.8297521485365
78.86680147633888
78.90385841735406
78.94092296087183
78.97799509717152
79.0150748154847
79.05216210568324
79.08925695763901
79.12635936099105
79.16346930526197
79.2005867799744
79.23771177540766
79.27484428038588
79.31198428507196
79.34913177898852
79.38628675136715
79.42344919225434
79.46061909088166
79.49779643682996
79.53498121973826
79.57217342901276
79.60937305423431
79.6465800847509
79.68379451014334
79.72101631975966
79.75824550312245
79.79548204963794
79.8327259485377
79.86997718940256
79.90723576158052
79.94450165424496
79.98177485709311
80.01905535906553
80.05634314956842
80.0936382181826
80.13094055384863
80.1682501459145
80.20556698361179
80.2428910563467
80.280222353118
80.31756086327368
80.35490657592891
80.39225948031526
80.4296195654315
80.4669868205674
80.50436123483814
80.5417427974171
80.5791314971284
80.61652732326183
80.65393026504898
80.69134031113936
80.72875745088095
80.76618167309789
80.80361296690535
80.84105132130207
80.8784967251122
80.91594916762551
80.9534086373751
80.99087512347614
81.02834861486917
81.06582910043653
81.10331656911876
81.14081100950716
81.17831241089152
81.2158207615721
81.2533360508969
81.29085826734081
81.32838739984436
81.36592343694065
81.40346636774484
81.44101618073182
81.47857286484214
81.51613640843425
81.55370680068154
81.59128402982606
81.62886808475014
81.6664589542197
81.70405662653502
81.74166109052021
81.77927233488299
81.81689034804003
81.85451511864085
81.89214663510211
81.92978488618974
81.96742986037862
82.005081545969
82.04273993172683
82.08040500583593
82.11807675723685
82.15575517376419
82.19344024447491
82.23113195726182
82.26883030089084
82.30653526337119
82.34424683364341
82.3819649994839
82.41968974965857
82.45742107211845
82.49515895551303
82.53290338796796
82.5706543578417
82.60841185320169
82.64617586246459
82.68394637393067
82.72172337572556
82.75950685603311
82.79729680292075
82.83509320492158
82.87289604975376
82.91070532583399
82.9485210213461
82.98634312406648
83.02417162241181
83.06200650439132
83.0998477578978
83.1376953710569
83.17554933216888
83.2134096288355
83.25127624918241
83.28914918139344
83.32702841318678
83.36491393280448
83.40280572779011
83.44070378638571
83.47860809630947
83.51651864562882
83.55443542206194
83.59235841355985
83.63028760789894
83.6682229929138
83.70616455655545
83.74411228648387
83.78206617047545
83.82002619624836
83.85799235175364
83.89596462459303
83.93394300254295
83.97192747308873
84.0099180242396
84.04791464348091
84.08591731864726
84.12392603693297
84.16194078652188
84.19996155472472
84.23798832931789
84.27602109737927
84.31405984720914
84.35210456576897
84.39015524106799
84.42821186000947
84.46627441066084
84.50434288027463
84.5424172563944
84.58049752633087
84.61858367762761
84.65667569771176
84.69477357401047
84.73287729377626
84.77098684455268
84.80910221359227
84.84722338826396
84.8853503560531
84.92348310386296
84.96162161946995
84.99976588995196
85.03791590238689
85.07607164431829
85.11423310288228
85.15240026515676
85.19057311868528
85.22875165031292
85.2669358473504
85.3051256967592
85.34332118614111
85.38152230222477
85.4197290323209
85.4579413633328
85.49615928233834
85.53438277676469
85.57261183328228
85.61084643891081
85.64908658101922
85.68733224610332
85.72558342170669
85.76384009432513
85.80210225121118
85.84036987909349
85.87864296510816
85.91692149586743
85.95520545850741
85.99349483993137
86.03178962675156
86.07008980610408
86.10839536442654
86.14670628902968
86.1850225662347
86.22334418311948
86.26167112635449
86.30000338284299
86.33834093884798
86.37668378162198
86.41503189771902
86.4533852735185
86.49174389609834
86.53010775189614
86.56847682752414
86.6068511097692
86.64523058518535
86.683615240152
86.72200506151421
86.7604000356514
86.79880014935043
86.83720538887428
86.87561574071879
86.9140311916708
86.95245172799332
86.99087733606575
87.02930800267495
87.06774371385109
87.10618445632281
87.1446302162949
87.18308098026318
87.22153673460707
87.25999746558955
87.29846315964824
87.3369338029297
87.3754093820462
87.41388988296967
87.45237529231235
87.49086559592979
87.52936078037601
87.56786083173938
87.6063657363411
87.64487548021134
87.6833900497877
87.72190943086753
87.76043361006305
87.79896257305518
87.83749630628154
87.87603479571408
87.91457802732475
87.95312598755118
87.99167866195785
88.0302360370406
88.06879809853854
88.10736483254004
88.14593622507527
88.18451226199977
88.22309292946011
88.26167821325362
88.30026809946867
88.33886257378617
88.3774616222363
88.41606523067458
88.45467338507297
88.49328607111238
88.53190327476477
88.57052498182748
88.60915117803961
88.6477818490821
88.6864169811015
88.7250565594295
88.76370057009626
88.80234899860807
88.84100183099508
88.87965905258898
88.91832064918708
88.95698660664493
88.99565691035241
89.03433154604863
89.0730104992981
89.11169375589816
89.15038130112225
89.18907312076772
89.22776920016622
89.26646952523151
89.30517408106243
89.34388285345631
89.38259582762839
89.42131298943423
89.46003432397265
89.49875981698278
89.53748945344705
89.57622321933741
89.61496109957807
89.65370307990815
89.69244914548472
89.73119928169763
89.76995347370394
89.80871170724276
89.84747396718012
89.88624023908051
89.92501050804276
89.96378475945676
90.00256297847955
90.04134515032638
90.0801312600961
90.1189212933532
90.15771523496369
90.19651307002641
90.23531478398945
90.27412036148598
90.31292978825513
90.35174304881366
90.39056012872607
90.42938101268373
90.46820568596013
90.50703413342126
90.54586634028237
90.58470229129307
90.62354197172681
90.66238536633318
90.70123246026924
90.74008323816815
90.77893768507056
90.81779578624992
90.85665752604837
90.89552288962295
90.93439186183969
90.97326442744816
91.01214057137258
91.05102027836256
91.08990353328409
91.12879032077035
91.16768062568735
91.2065744328429
91.24547172692837
91.28437249269336
91.32327671459643
91.36218437773641
91.40109546651365
91.44000996561954
91.47892785962904
91.51784913340816
91.55677377129905
91.5957017581677
91.63463307823986
91.6735677163233
91.71250565705122
91.75144688476576
91.79039138392545
91.82933913933812
91.86829013505485
91.90724435605807
91.94620178628247
91.98516241041943
92.02412621304393
92.06309317826526
92.10206329071661
92.1410365345073
92.18001289432868
92.21899235423189
92.25797489873366
92.29696051194333
92.33594917843584
92.37494088232052
92.41393560782308
92.45293333922746
92.491934060934
92.5309377569356
92.56994441151619
92.60895400907611
92.64796653331723
92.68698196869809
92.72600029950263
92.76502150949091
92.80404558317969
92.84307250427082
92.88210225710645
92.92113482556306
92.96017019398278
92.99920834600925
93.03824926598463
93.07729293766897
93.116339345288
93.15538847254356
93.19444030354498
93.23349482245976
93.27255201264052
93.31161185866222
93.35067434364464
93.38973945239559
93.428807167802
93.46787747455528
93.50695035594981
93.5460257959785
93.5851037785178
93.62418428721139
93.66326730587753
93.70235281821806
93.74144080816768
93.78053125925362
93.81962415523594
93.85871947970008
93.89781721658073
93.93691734940512
93.97601986170048
94.01512473722687
94.05423195956973
94.0933415122563
94.13245337916305
94.17156754346797
94.21068398887292
94.24980269896332
94.28892365732463
94.32804684719304
94.36717225244502
94.40629985620035
94.44542964210268
94.48456159362104
94.52369569404982
94.56283192685805
94.60197027551476
94.64111072325613
94.68025325378403
94.7193978499854
94.75854449544568
94.79769317363389
94.8368438675534
94.87599656055681
94.91515123611316
94.95430787734222
94.99346646748018
95.03262698976323
95.07178942754399
95.11095376382582
95.15011998184491
95.18928806483746
95.22845799580682
95.26762975822203
95.3068033347372
95.34597870905418
95.38515586347785
95.42433478182647
95.46351544675417
95.50269784149714
95.5418819488259
95.58106775209308
95.62025523406919
95.65944437787402
95.69863516627811
95.73782758251764
95.77702160924673
95.81621722958516
95.8554144265363
95.89461318263784
95.93381348100957
95.97301530465484
96.01221863587853
96.05142345826607
96.09062975400593
96.12983750621788
96.16904669778887
96.20825731102377
96.24746932904236
96.28668273461517
96.32589751039632
96.3651136389235
96.40433110331651
96.44354988564737
96.4827699692687
96.52199133613613
96.56121396960225
96.60043785150629
96.63966296520084
96.67888929275796
96.71811681706458
96.75734552042559
96.79657538572792
96.83580639516003
96.87503853125963
96.91427177679725
96.95350611396134
96.99274152563885
97.03197799366899
97.07121550117154
97.1104540299857
97.1496935627656
97.18893408193253
97.22817556990776
97.26741800911259
97.30666138150264
97.34590566984843
97.38515085633844
97.4243969230447
97.46364385273773
97.50289162737317
97.54214022913948
97.58138964045793
97.62063984340057
97.6598908205051
97.69914255349431
97.73839502513874
97.77764821692836
97.81690211163368
97.85615669109393
97.89541193738114
97.93466783268377
97.97392435942311
98.0131814989727
98.05243923410308
98.09169754653703
98.1309564182302
98.17021583125461
98.20947576779872
98.24873620993458
98.28799713926855
98.3272585378727
98.36652038781904
98.4057826710632
98.445045369328
98.48430846480187
98.5235719390912
98.56283577426802
98.60209995217156
98.64136445440818
98.68062926304992
98.71989436005242
98.75915972678922
98.79842534544878
98.83769119752105
98.87695726496167
98.91622352949344
98.95548997248989
98.9947565762559
99.03402332216501
99.07329019182362
99.1125571669545
99.1518242295133
99.19109136064071
99.23035854229238
99.26962575595826
99.30889298347756
99.34816020587459
99.38742740545422
99.42669456312433
99.46596166084055
99.50522867997643
99.54449560190551
99.5837624083506
99.62302908068523
99.66229560039937
99.70156194886658
99.74082810757682
99.78009405813646
99.81935978168622
99.85862525959965
99.89789047359955
99.9371554045938
99.97642003430519
100.01568434387445
100.05494831455871
100.09421192808077
100.13347516511567
100.17273800761905
100.21200043603312
100.25126243231352
100.29052397760097
100.32978505268693
100.36904563917778
100.40830571798142
100.44756527082063
100.48682427813765
100.52608272142243
100.56534058204852
100.60459784069099
100.64385447872337
100.68311047705356
100.7223658170551
100.76162047951948
100.80087444570381
100.84012769639958
100.87938021263108
100.91863197577186
100.95788296649698
100.99713316583075
101.03638255479746
101.07563111442141
101.11487882526126
101.15412566869054
101.19337162550073
101.23261667625047
101.27186080242973
101.31110398448072
101.3503462029621
101.38958743959665
101.42882767436095
101.46806688862853
101.50730506272521
101.54654217790812
101.58577821438666
101.6250131536508
101.66424697567709
101.70347966172267
101.74271119211335
101.78194154798985
101.82117070967797
101.8603986579692
101.89962537330575
101.93885083682835
101.97807502862997
102.01729792985134
102.0565195203526
102.09573978150729
102.13495869340841
102.17417623684742
102.21339239215013
102.25260714010801
102.29182046081405
102.33103233529255
102.3702427437529
102.40945166675374
102.44865908450447
102.48786497779656
102.52706932683941
102.56627211219165
102.60547331417911
102.644672913244
102.68387088982854
102.72306722402573
102.7622618963942
102.80145488725975
102.84064617706463
102.87983574566897
102.9190235742135
102.95820964185987
102.9973939297488
103.03657641774043
103.07575708639342
103.11493591556791
103.15411288558971
103.19328797690105
103.23246116947848
103.27163244329859
103.31080177892
103.34996915631928
103.38913455547299
103.42829795670696
103.46745934023056
103.50661868578754
103.54577597382013
103.58493118395563
103.62408429663628
103.66323529195506
103.70238414942287
103.74153084959835
103.78067537222523
103.81981769751292
103.85895780485589
103.89809567504562
103.93723128724378
103.97636462189257
104.01549565861933
104.05462437763344
104.09375075856224
104.13287478149869
104.1719964259537
104.21111567213666
104.25023249990772
104.28934688866138
104.32845881872345
104.36756826960482
104.40667522104923
104.44577965314966
104.48488154518418
104.52398087736219
104.5630776291946
104.60217178030871
104.6412633106811
104.68035219982266
104.71943842747714
104.75852197315544
104.79760281695053
104.83668093779124
104.87575631600339
104.91482893074863
104.95389876200352
104.99296578904614
105.0320299915038
105.07109134900384
105.11014984128997
105.14920544752385
105.18825814744923
105.22730792046059
105.26635474618524
105.3053986041341
105.34443947370164
105.38347733439878
105.42251216550358
105.46154394675978
105.50057265721262
105.53959827660583
105.57862078421749
105.61764015944209
105.65665638144128
105.69566942984238
105.7346792841563
105.77368592319544
105.81268932681996
105.85168947384227
105.89068634377327
105.92967991612386
105.96867016982287
106.00765708449762
106.04664063884411
106.08562081248965
106.12459758471232
106.16357093455736
106.20254084107
106.24150728387758
106.28047024167608
106.31942969409283
106.35838561982382
106.39733799814712
106.4362868082244
106.47523202945013
106.51417364028748
106.55311162036378
106.59204594849143
106.63097660394851
106.66990356543101
106.70882681221701
106.74774632346816
106.78666207764763
106.82557405438274
106.8644822324859
106.90338659053668
106.94228710792959
106.98118376359344
107.02007653610781
107.0589654048672
107.09785034833476
107.13673134578858
107.17560837592464
107.21448141755536
107.2533504498424
107.2922154511325
107.33107640082017
107.36993327725213
107.40878605970647
107.44763472664636
107.48647925676778
107.52531962946523
107.5641558226198
107.60298781574238
107.64181558717974
107.68063911574427
107.71945838036481
107.75827335915528
107.797084031743
107.83589037577622
107.87469237076584
107.91348999505863
107.95228322711773
107.99107204575557
108.02985642966814
108.06863635731861
108.10741180740297
108.14618275838438
108.18494918919168
108.22371107782237
108.2624684034381
108.30122114403639
108.33996927854605
108.37871278531384
108.41745164280292
108.45618582970928
108.49491532426327
108.53364010516088
108.57236015074886
108.61107543937396
108.64978594973218
108.68849165993743
108.72719254868571
108.76588859432377
108.80457977519836
108.84326606942341
108.88194745581131
108.92062391270883
108.95929541799705
108.99796195048839
109.03662348818034
109.07528000965249
109.11393149290234
109.1525779167423
109.19121925858781
109.22985549783334
109.26848661154509
109.30711257876828
109.34573337773327
109.3843489860883
109.4229593827622
109.46156454528682
109.50016445235815
109.53875908185728
109.57734841201454
109.6159324211767
109.6545110871084
109.69308438827284
109.73165230290033
109.77021480840631
109.80877188383602
109.84732350660488
109.88586965494324
109.92441030708142
109.96294544090051
110.00147503474727
110.03999906603713
110.07851751346607
110.11703035479877
110.15553756779991
110.19403913093265
110.23253502161242
110.2710252184188
110.3095096986508
110.347988440888
110.38646142266225
110.42492862208746
110.46339001704473
110.50184558529872
110.54029530496337
110.57873915391974
110.6171771096997
110.65560915041715
110.69403525430243
110.73245539842173
110.7708695611218
110.8092777201673
110.8476798532065
110.8860759382369
110.92446595290676
110.96284987498075
111.00122768245637
111.03959935274906
111.07796486397274
111.11632419342641
111.15467731922399
111.19302421901375
111.23136487044394
111.26969925092999
111.30802733881865
111.3463491111761
111.38466454599984
111.42297362058889
111.46127631317358
111.4995726008201
111.53786246164236
111.57614587270655
111.61442281212658
111.65269325731788
111.69095718569588
111.72921457502525
111.76746540295426
111.80570964666549
111.84394728404004
111.88217829272617
111.92040264979005
111.95862033311278
111.99683131999336
112.0350355883129
112.07323311478831
112.11142387788277
112.14960785431322
112.1877850217279
112.22595535777509
112.26411883952096
112.30227544496302
112.3404251509346
112.37856793508399
112.41670377494302
112.45483264769427
112.4929545307532
112.5310694015352
112.56917723745573
112.60727801581379
112.64537171390839
112.68345830903854
112.72153777873609
112.7596100999508
112.79767525044736
112.83573320717551
112.87378394755069
112.9118274487555
112.94986368797254
112.98789264308289
113.02591429033782
113.06392860785127
113.10193557234015
113.13993516121991
113.17792735155672
113.215912120766
113.25388944603037
113.29185930429958
113.32982167263981
113.36777652904857
113.40572384942789
113.4436636120081
113.48159579350613
113.51952037087176
113.557437321404
113.59534662228543
113.63324825058226
113.67114218312781
113.70902839757036
113.7469068702776
113.78477757889777
113.82264050026424
113.86049561121035
113.89834288926795
113.93618231115397
113.97401385346893
114.01183749444317
114.04965320962947
114.08746097714175
114.12526077334769
114.16305257566273
114.20083636045456
114.23861210525502
114.27637978666462
114.31413938198239
114.35189086769242
114.38963422109373
114.42736941878684
114.46509643807076
114.50281525566243
114.54052584816236
114.57822819298599
114.61592226661742
114.65360804612283
114.69128550821915
114.72895462985616
114.76661538775079
114.80426775896922
114.84191172011197
114.87954724824522
114.91717431996949
114.9547929118853
114.99240300129168
115.03000456467271
115.06759757897817
115.10518202057574
115.14275786664803
115.18032509402838
115.21788367885165
115.25543359853327
115.29297482932452
115.33050734829158
115.36803113180213
115.40554615703877
115.44305240001995
115.48054983804468
115.5180384478299
115.55551820539404
115.59298908803612
115.63045107200742
115.6679041342577
115.70534825138748
115.74278339976445
115.78020955633838
115.81762669759337
115.85503480012994
115.8924338404322
115.92982379556634
115.96720464143436
116.00457635510247
116.04193891317118
116.07929229177535
116.11663646821398
116.15397141803987
116.19129711878486
116.22861354611814
116.26592067757156
116.30321848834865
116.34050695644692
116.37778605718631
116.41505576763302
116.45231606415473
116.48956692335196
116.52680832147598
116.56404023524374
116.60126264102291
116.63847551506478
116.67567883431911
116.71287257457152
116.75005671277177
116.78723122540396
116.82439608848654
116.86155127850361
116.89869677217212
116.93583254562691
116.97295857546851
117.01007483783178
117.04718130943365
117.08427796617616
117.12136478500906
117.1584417418344
117.19550881313626
117.23256597539876
117.26961320464034
117.30665047769435
117.34367777057923
117.38069505942985
117.41770232084673
117.45469953108113
117.49168666661717
117.52866370347328
117.56563061790075
117.60258738638368
117.63953398517333
117.6764703906374
117.7133965784451
117.7503125256626
117.78721820819192
117.82411360216793
117.8609986838419
117.89787342969794
117.9347378158709
117.97159181826282
118.00843541359063
118.04526857763994
118.08209128677845
118.11890351749025
118.15570524521172
118.19249644700903
118.22927709855139
118.26604717609007
118.30280665575992
118.33955551369581
118.37629372638185
118.41302126960363
118.44973811949603
118.48644425242674
118.52313964441419
118.55982427159324
118.59649811021518
118.6331611359492
118.66981332539581
118.70645465457346
118.74308509926777
118.77970463596284
118.81631324044429
118.85291088896338
118.88949755742215
118.9260732223047
118.9626378591638
118.99919144436717
119.03573395381682
119.0722653636476
119.10878564987797
119.14529478852637
119.18179275584407
119.21827952738386
119.25475507951342
119.29121938825119
119.32767242949922
119.36411417939235
119.40054461359978
119.43696370872203
119.47337144007906
119.50976778415497
119.54615271661896
119.58252621360589
119.61888825101778
119.65523880487308
119.69157785119023
119.72790536587127
119.76422132458538
119.80052570393309
119.83681847900152
119.87309962650761
119.90936912200414
119.94562694150954
119.98187306069303
120.0181074560387
120.05433010286652
120.09054097742774
120.12674005550798
120.16292731300928
120.19910272595007
120.23526627011597
120.2714179212926
120.30755765549839
120.34368544863537
120.37980127648916
120.41590511496179
120.45199693995528
120.48807672737166
120.52414445276372
120.56020009249914
120.59624362189788
120.6322750170948
120.66829425399192
120.70430130825844
120.74029615567997
120.77627877227496
120.81224913382903
120.84820721589494
120.8841529948404
120.92008644575253
120.95600754511543
120.99191626824904
121.02781259140465
121.0636964897858
121.09956793976016
121.1354269166477
121.17127339669969
121.20710735535249
121.24292876839172
121.27873761171941
121.314533861354
121.3503174923826
121.38608848117292
121.42184680327773
121.45759243436623
121.49332535022404
121.52904552698601
121.56475293973926
121.60044756450225
121.63612937717699
121.6717983535491
121.70745446893852
121.74309769959655
121.7787280207267
121.81434540823102
121.84994983801153
121.88554128573742
121.9211197270779
121.95668513758574
121.99223749327939
122.02777676936239
122.06330294220243
122.09881598700304
122.13431587943342
122.16980259574484
122.20527611090802
122.2407364010578
122.27618344174698
122.31161720864475
122.34703767765313
122.38244482397567
122.41783862374723
122.45321905240417
122.48858608549926
122.52393969916739
122.55927986849565
122.5946065695025
122.62991977762431
122.66521946899593
122.70050561858807
122.73577820241917
122.7710371959256
122.80628257559147
122.84151431568898
122.87673239281867
122.91193678218406
122.94712746003643
122.98230440111365
123.01746758178342
123.05261697713286
123.08775256329682
123.12287431547884
123.15798220969737
123.19307622115593
123.22815632540733
123.26322249881923
123.29827471636236
123.33331295382231
123.36833718663547
123.40334739070386
123.43834354134742
123.4733256144682
123.50829358561896
123.54324743000325
123.57818712375592
123.61311264219694
123.64802396099549
123.68292105547152
123.71780390187632
123.75267247506417
123.78752675128635
123.82236670551356
123.85719231376424
123.89200355135836
123.92680039419793
123.96158281748649
123.99635079712607
124.03110430855304
124.0658433274366
124.10056782898027
124.13527778943535
124.16997318365611
124.20465398789383
124.23932017723564
124.27397172746714
124.3086086140247
124.34323081269395
124.37783829879481
124.41243104811292
124.44700903608464
124.48157223826274
124.51612063043285
124.55065418768208
124.58517288637813
124.61967670102604
124.6541656081099
124.68863958283328
124.72309860063251
124.75754263729323
124.79197166825179
124.82638566906098
124.86078461562283
124.89516848279163
124.92953724658582
124.9638908826746
124.99822936649434
125.03255267336499
125.06686077907216
125.10115365916863
125.13543128944002
125.16969364474062
125.20394070143811
125.23817243450321
125.27238881983794
125.30658983264584
125.34077544917818
125.37494564394001
125.40910039353184
125.44323967280798
125.47736345767044
125.51147172343917
125.5455644458998
125.57964160048869
125.61370316275861
125.64774910849519
125.68177941278554
125.71579405141529
125.74979300028645
125.78377623448614
125.81774372956716
125.85169546154793
125.88563140539918
125.91955153725576
125.9534558323212
125.98734426614828
126.02121681440622
126.05507345276419
126.08891415642574
126.12273890152574
126.15654766291846
126.19034041673876
126.22411713842303
126.25787780317478
126.2916223872453
126.32535086560529
126.35906321392395
126.39275940798689
126.42643942334689
126.46010323532391
126.49375081981998
126.52738215203863
126.56099720776547
126.59459596290253
126.62817839230411
126.66174447210506
126.69529417774174
126.72882748465054
126.76234436873347
126.79584480519406
126.82932876981795
126.86279623827431
126.89624718588311
126.92968158854637
126.96309942170046
126.99650066101458
127.02988528180867
127.06325326010119
127.09660457097925
127.12993919057772
127.16325709433295
127.1965582575649
127.22984265605919
127.26311026571784
127.29636106162798
127.32959501957521
127.36281211557798
127.39601232472342
127.42919562279712
127.4623619854683
127.49551138828974
127.52864380704705
127.56175921706017
127.59485759434756
127.62793891422916
127.66100315225776
127.69405028456822
127.72708028624766
127.76009313308168
127.79308880085591
127.82606726523954
127.85902850190178
127.89197248592973
127.9248991938075
127.95780860050581
127.99070068215951
128.02357541408855
128.05643277219497
128.08927273203153
128.12209526903462
128.1549003594555
128.1876879784977
128.22045810171403
128.25321070523933
128.28594576450996
128.31866325519513
128.35136315319687
128.3840454337187
128.4167100728955
128.44935704628006
128.48198632965796
128.51459789834917
128.54719172872137
128.5797677958617
128.6123260757886
128.64486654405482
128.67738917667884
128.7098939489806
128.74238083697855
128.77484981622547
128.8073008627398
128.83973395172507
128.87214905943256
128.90454616129864
128.93692523322534
128.96928625088185
129.0016291900538
129.03395402641036
129.06626073597
129.09854929405265
129.13081967679318
129.1630718598608
129.1953058190411
129.2275215301197
129.25971896853298
129.29189811088145
129.3240589320194
129.35620140831452
129.38832551555242
129.42043122916948
129.45251852530055
129.48458737961482
129.51663776801433
129.54866966616828
129.58068305021152
129.61267789569683
129.64465417840984
129.67661187425256
129.70855095912702
129.74047140905168
129.7723731995793
129.80425630649552
129.83612070581876
129.8679663738003
129.89979328552727
129.93160141736735
129.96339074510615
129.99516124464571
130.02691289177164
130.0586456626188
130.09035953273997
130.1220544781536
130.1537304748781
130.18538749869913
130.2170255256351
130.24864453170449
130.28024449246004
130.31182538403664
130.34338718256913
130.37492986372672
130.40645340352785
130.43795777799096
130.46944296290167
130.50090893439483
130.5323556684889
130.56378314096946
130.595191327855
130.6265802050475
130.6579497489147
130.68929993500933
130.7206307394663
130.75194213853683
130.78323410777375
130.81450662342831
130.84575966186821
130.87699319864623
130.9082072096644
130.93940167163964
130.9705765597755
131.00173185090534
131.03286752069835
131.06398354494013
131.09507990046404
131.12615656247362
131.1572135076858
131.1882507118862
131.2192681513261
131.25026580214035
131.28124363999814
131.3122016415
131.34313978266437
131.37405803927686
131.40495638805442
131.43583480466623
131.46669326524716
131.49753174639773
131.52835022378713
131.55914867366664
131.58992707252037
131.62068539613392
131.651423620875
131.68214172299486
131.71283967862837
131.74351746379398
131.77417505497579
131.80481242807582
131.83542955992743
131.866026425967
131.89660300279502
131.9271592667792
131.9576951941708
131.98821076087188
132.01870594348293
132.04918071825523
132.07963506120723
132.11006894893944
132.14048235747032
132.1708752635168
132.20124764286447
132.23159947188105
132.26193072728347
132.29224138520658
132.32253142201807
132.3528008137364
132.3830495371949
132.413277568412
132.44348488387186
132.47367146029137
132.50383727322333
132.5339822997339
132.5641065161908
132.59420989861246
132.62429242383223
132.65435406775214
132.68439480743837
132.71441461879294
132.74441347864922
132.77439136290923
132.80434824887197
132.83428411232308
132.86419892986305
132.89409267820884
132.9239653334953
132.95381687267218
132.98364727187436
133.01345650770236
133.0432445568731
133.07301139540505
133.10275700048078
133.1324813485844
133.16218441561796
133.19186617876403
133.2215266142739
133.25116569921374
133.280783409602
133.31037972215563
133.33995461382437
133.36950806097593
133.399040039978
133.42855052801315
133.4580395015655
133.48750693676993
133.51695281104185
133.5463771005161
133.5757797821425
133.6051608325215
133.63452022825368
133.66385794628877
133.6931739631109
133.7224682555534
133.7517408002168
133.78099157405086
133.8102205536561
133.83942771609873
133.86861303739715
133.89777649519965
133.9269180657575
133.95603772613686
133.98513545305468
134.0142112231115
134.04326501348987
134.07229680079035
134.10130656207912
134.13029427384026
134.15925991360564
134.18820345716085
134.21712488261983
134.2460241658846
134.2749012846034
134.30375621502753
134.33258893468883
134.36139941995498
134.39018764835782
134.4189535966143
134.4476972410921
134.47641855978873
134.50511752895545
134.5337941258913
134.562448327546
134.59108011086937
134.61968945292756
134.64827633078676
134.67684072162956
134.7053826020565
134.73390194948297
134.7623987409752
134.79087295371573
134.81932456442155
134.84775355050806
134.87615988904145
134.9045435570879
134.9329045319464
134.96124279033393
134.98955831013154
135.01785106782336
135.04612104094122
135.0743682065513
135.10259254195262
135.13079402444419
135.15897263074294
135.18712833884638
135.21526112547144
135.24337096814997
135.27145784383174
135.29952173004858
135.3275626040995
135.3555804430507
135.38357522466686
135.4115469258977
135.4394955240423
135.46742099663243
135.49532332108356
135.52320247457828
135.55105843464844
135.57889117847662
135.6067006837111
135.63448692765087
135.66224988782778
135.68998954165727
135.7177058662055
135.74539883958641
135.77306843874976
135.8007146413438
135.82833742524963
135.8559367673006
135.88351264526136
135.91106503724586
135.9385939198546
135.96609927131794
135.99358106893487
136.02103929047007
136.04847391310614
136.0758849150734
136.10327227332164
136.13063596596476
136.1579759705346
136.18529226467945
136.21258482593112
136.2398536320543
136.26709866093006
136.29431988997385
136.32151729706675
136.3486908597406
136.37584055622574
136.40296636347193
136.43006826005876
136.45714622351807
136.4842002313817
136.51123026153073
136.53823629196268
136.5652183003258
136.59217626496684
136.61911016271915
136.64601997262798
136.6729056717595
136.69976723834407
136.72660465014633
136.75341788528021
136.78020692139398
136.80697173671797
136.83371230913326
136.86042861652095
136.88712063699495
136.91378834820352
136.94043172884267
136.9670507563278
136.99364540888928
137.02021566487383
137.0467615016969
137.07328289805446
137.09977983194403
137.1262522811303
137.15270022395998
137.17912363866344
137.20552250312176
137.2318967959145
137.25824649468996
137.2845715781441
137.31087202415802
137.33714781107847
137.36339891701937
137.38962532044388
137.41582699934952
137.44200393231586
137.4681560973404
137.4942834727699
137.52038603718393
137.54646376846358
137.5725166455377
137.59854464617092
137.6245477491757
137.65052593266591
137.67647917510476
137.7024074550718
137.7283107509138
137.75418904109392
137.78004230360966
137.8058705178555
137.83167366159614
137.85745171341114
137.88320465222932
137.9089324560482
137.9346351037966
137.9603125739377
137.98596484505106
138.01159189548343
138.0371937043965
138.06277024990413
138.0883215108188
138.11384746572003
138.13934809353668
138.1648233724991
138.1902732817689
138.2156977999257
138.24109690531623
138.26647057710215
138.29181879397947
138.3171415347606
138.34243877790868
138.3677105025854
138.39295668737032
138.4181773114251
138.4433723532129
138.468541791779
138.49368560605217
138.51880377472844
138.54389627696946
138.56896309158765
138.59400419751182
138.6190195735544
138.64400919910986
138.66897305264138
138.69391111354344
138.71882336062845
138.7437097731745
138.76857032999396
138.79340501024853
138.81821379298344
138.84299665712751
138.86775358242448
138.8924845471047
138.9171895312611
138.94186851312406
138.96652147267014
138.99114838859532
139.0157492402941
139.04032400692813
139.0648726678919
139.08939520234708
139.11389158968814
139.13836180896033
139.16280583944172
139.18722366087604
139.21161525230855
139.23598059325013
139.26031966274604
139.28463244065642
139.3089189059101
139.33317903860006
139.35741281718947
139.38162022223696
139.40580123232212
139.42995582765434
139.45408398716245
139.4781856907066
139.50226091768127
139.52630964759737
139.55033186043147
139.57432753534522
139.59829665196594
139.6222391903866
139.64615512953606
139.6700444497401
139.69390713027678
139.71774315123912
139.74155249167234
139.7653351322515
139.78909105167259
139.81282023049425
139.8365226482274
139.8601982848486
139.88384711975232
139.90746913303155
139.93106430477928
139.95463261473924
139.9781740421895
140.00168856815435
140.02517617167905
140.0486368330894
140.07207053224556
140.0954772491241
140.11885696381796
140.14220965618733
140.16553530620877
140.18883389455732
140.21210540027823
140.2353498043958
140.25856708630454
140.28175722667947
140.30492020549718
140.3280560026178
140.3511645986
140.37424597342033
140.39730010763742
140.4203269808786
140.44332657405175
140.4662988667842
140.48924383998383
140.5121614735108
140.53505174804013
140.55791464354843
140.58075014059432
140.60355821962003
140.62633886095136
140.64909204503056
140.67181775218341
140.69451596296858
140.71718665817752
140.73982981743757
140.76244542223867
140.7850334525574
140.80759388883598
140.83012671233155
140.85263190290425
140.87510944134556
140.89755930844694
140.91998148488346
140.94237595121376
140.96474268788006
140.9870816762559
141.00939289631788
141.0316763293231
141.05393195548095
141.07615975639783
141.0983597121667
141.12053180392832
141.14267601224128
141.16479231847916
141.18688070308417
141.20894114673138
141.23097363125999
141.25297813676298
141.27495464438107
141.2969031354878
141.3188235902926
141.34071599051822
141.36258031695616
141.38441655086353
141.406224672799
141.4280046642525
141.4497565063648
141.47148018004373
141.49317566654645
141.51484294736292
141.5364820031682
141.55809281545226
141.5796753653558
141.60122963425238
141.6227556032827
141.64425325382035
141.66572256700601
141.6871635246789
141.7085761075141
141.72996029735077
141.7513160755625
141.77264342329
141.79394232213963
141.8152127538342
141.8364546992816
141.85766814032104
141.8788530586753
141.90000943548512
141.92113725235686
141.94223649136256
141.9633071332937
141.98434916033875
142.0053625543369
142.02634729607962
142.04730336833745
142.06823075178545
142.08912942907773
142.10999938112218
142.13084059057292
142.15165303833783
142.1724367069546
142.1931915776804
142.21391763270367
142.23461485398002
142.25528322299942
142.27592272183392
142.29653333278839
142.3171150375856
142.33766781783197
142.3581916561816
142.37868653412443
142.39915243408177
142.41958933789283
142.43999722762965
142.4603760855971
142.4807258937508
142.50104663416278
142.52133828937076
142.54160084133036
142.56183427223004
142.58203856414184
142.60221369983628
142.62235966103617
142.64247643051203
142.6625639902195
142.6826223229291
142.70265141048003
142.72265123564284
142.7426217807224
142.76256302802358
142.7824749603169
142.80235755967442
142.8222108090995
142.84203469054773
142.86182918725535
142.88159428082872
142.90132995485328
142.92103619140107
142.9407129731262
142.96036028279923
142.97997810307425
142.99956641660538
143.01912520639598
143.03865445463452
143.0581541446736
143.0776242587017
143.09706478007138
143.11647569166962
143.13585697568487
143.15520861558616
143.17453059414402
143.1938228943618
143.21308549877722
143.2323183909757
143.25152155326214
143.27069496945478
143.28983862197492
143.30895249405876
143.32803656882606
143.34709082939662
143.3661152587738
143.3851098404266
143.40407455724198
143.42300939245615
143.44191432953812
143.460789351142
143.47963444143534
143.49844958283938
143.51723475917242
143.53598995355424
143.55471514968667
143.57341033045668
143.59207547979895
143.61071058060043
143.62931561667938
143.64789057150483
143.6664354285458
143.68495017115492
143.7034347829176
143.7218892480014
143.74031354894396
143.75870767026208
143.77707159519196
143.79540530755185
143.81370879081078
143.83198202890344
143.8502250056481
143.86843770451378
143.88662010931876
143.90477220434695
143.92289397283457
143.94098539906554
143.95904646639246
143.97707715956494
143.99507746170275
144.01304735720623
144.03098682977725
144.04889586381614
144.06677444290835
144.08462255145423
144.10244017327204
144.1202272925293
144.13798389362637
144.15570996014867
144.17340547672939
144.19107042765245
144.2087047966197
144.22630856826436
144.2438817267539
144.2614242566051
144.2789361415198
144.29641736659687
144.31386791577097
144.33128777344245
144.34867692412809
144.3660353521118
144.383363042376
144.400659978739
144.41792614618316
144.43516152875964
144.45236611168366
144.46953987912275
144.48668281559367
144.50379490596242
144.52087613521144
144.53792648715898
144.55494594748598
144.5719345001271
144.5888921302976
144.6058188227471
144.62271456210874
144.6395793337142
144.65641312138177
144.67321591137443
144.68998768739402
144.7067284352379
144.72343813907355
144.74011678493116
144.7567643567454
144.77338084031362
144.7899662203854
144.80652048194315
144.82304361043498
144.8395355908433
144.85599640826695
144.8724260480376
144.88882449513767
144.90519173513167
144.9215277528856
144.9378325341968
144.95410606393125
144.97034832800273
144.986559310928
145.0027389987372
145.01888737664558
145.0350044304505
145.05109014501795
145.06714450626168
145.0831674998626
145.09915911068674
145.11511932499707
145.13104812812526
145.14694550575223
145.1628114435589
145.17864592687692
145.19444894208573
145.21022047451697
145.2259605093859
145.24166903388686
145.2573460325366
145.2729914917145
145.28860539733432
145.30418773484416
145.31973849073984
145.33525765081868
145.35074520064518
145.36620112671517
145.38162541459315
145.39701805077493
145.4123790212907
145.42770831182133
145.44300590874627
145.45827179821208
145.4735059669474
145.4887084000511
145.50387908460107
145.51901800639462
145.53412515227683
145.5492005078122
145.56424406007864
145.57925579487346
145.59423569904175
145.60918375849724
145.624099960085
145.63898429030087
145.6538367352914
145.66865728225093
145.68344591674395
145.6982026261976
145.71292739675846
145.72762021538801
145.7422810685821
145.75690994295292
145.77150682534557
145.78607170237228
145.8006045607617
145.8151053878246
145.82957416970748
145.84401089360472
145.85841554647777
145.87278811482247
145.88712858606596
145.90143694682047
145.91571318451315
145.929957285407
145.94416923739482
145.95834902662318
145.97249664121773
145.98661206755787
146.00069529295433
146.01474630495068
146.02876509015914
146.0427516362397
146.05670593027025
146.07062795979436
146.08451771154068
146.09837517375126
146.11220033292193
146.1259931770619
146.13975369324908
146.15348186902702
146.1671776919393
146.18084114952944
146.19447222910821
146.208070918452
146.22163720522076
146.23517107684165
146.24867252097465
146.26214152562898
146.27557807788253
146.28898216609377
146.30235377757344
146.31569290044717
146.32899952249136
146.34227363101672
146.35551521473099
146.36872426082846
146.38190075778402
146.39504469325766
146.408156055375
146.4212348315632
146.4342810108792
146.44729458086658
146.46027552941814
146.47322384477593
146.48613951564766
146.49902252922766
146.51187287457287
146.5246905394597
146.53747551247943
146.5502277816413
146.56294733530376
146.57563416205812
146.58828825014643
146.60090958781075
146.61349816364236
146.62605396623258
146.63857698393986
146.6510672052391
146.66352461872157
146.6759492129786
146.68834097671788
146.7006998984143
146.71302596689202
146.72531917062588
146.73757949867286
146.74980693939142
146.76200148195494
146.7741631147219
146.78629182721488
146.79838760755956
146.8104504449293
146.8224803286139
146.83447724708822
146.84644118929282
146.85837214475032
146.87027010216843
146.8821350504877
146.89396697899792
146.90576587687247
146.9175317332847
146.9292645371752
146.94096427795012
146.9526309450157
146.96426452707965
146.97586501436308
146.98743239499163
146.99896665941924
147.01046779647004
147.0219357960159
147.03337064676452
147.0447723387042
147.05614086135756
147.0674762042472
147.07877835677937
147.09004730847664
147.10128304932732
147.1124855687376
147.12365485634655
147.134790902026
147.1458936955314
147.156963226269
147.16799948457628
147.17900245985948
147.18997214222327
147.20090852142312
147.21181158756372
147.22268133040052
147.23351774015464
147.24432080623228
147.25509051943664
147.26582686940674
147.2765298463637
147.2871994402958
147.2978356415406
147.30843844020274
147.31900782661978
147.32954379089642
147.34004632313736
147.35051541402936
147.36095105367713
147.3713532325346
147.3817219408229
147.39205716946162
147.4023589080898
147.4126271479763
147.4228618791094
147.43306309252512
147.4432307780953
147.45336492732167
147.46346552995965
147.47353257704526
147.48356605961453
147.493565968005
147.50353229301982
147.51346502522938
147.52336415601894
147.53322967572603
147.5430615756195
147.55285984603688
147.56262447859626
147.572355463868
147.58205279277172
147.59171645669267
147.6013464462012
147.61094275279902
147.62050536763854
147.63003428152297
147.63952948583756
147.64899097173475
147.6584187305998
147.66781275323592
147.67717303161044
147.68649955664296
147.69579231983516
147.7050513123395
147.71427652612329
147.7234679517569
147.73262558178976
147.74174940679222
147.75083941873163
147.7598956094589
147.76891796989366
147.7779064924689
147.7868611679878
147.7957819888834
147.80466894665733
147.8135220328113
147.82234123942908
147.83112655812874
147.83987798087765
147.84859549964312
147.8572791061597
147.8659287925111
147.8745445504319
147.88312637235504
147.89167424989864
147.90018817526288
147.90866814076435
147.9171141377883
147.9255261598155
147.93390419776551
147.94224824453704
147.950558291981
147.9588343326468
147.96707635908388
147.97528436302673
147.98345833725762
147.99159827420954
147.99970416608267
148.00777600542642
148.01581378490664
148.0238174967235
148.03178713389207
148.03972268861253
148.04762415355071
148.0554915216053
148.06332478520926
148.0711239372613
148.0788889703108
148.08661987748928
148.09431665111333
148.10197928443085
148.10960776987486
148.11720210127532
148.12476227013394
148.13228827074636
148.13978009542916
148.14723773731384
148.15466118964832
148.16205044521485
148.1694054971449
148.17672633915208
148.18401296366937
148.19126536429394
148.19848353450652
148.20566746720579
148.21281715552323
148.21993259340525
148.2270137737505
148.23406069015618
148.24107333598658
148.2480517049553
148.25499579007737
148.26190558529925
148.26878108398523
148.2756222797325
148.28242916648742
148.28920173738152
148.29593998624478
148.30264390725642
148.30931349354796
148.3159487391822
148.32254963822197
148.32911618391518
148.3356483707903
148.34214619232807
148.3486096424749
148.35503871529363
148.36143340507988
148.3677937053144
148.3741196107585
148.38041111454368
148.3866682117805
148.39289089594968
148.39907916157972
148.40523300296627
148.41135241428856
148.41743738937657
148.42348792322446
148.42950400989503
148.43548564380035
148.44143281923607
148.4473455308471
148.45322377304547
148.45906754024327
148.4648768270854
148.4706516281003
148.47639193816576
148.48209775134455
148.48776906274725
148.49340586701874
148.49900815892033
148.5045759328641
148.51010918430984
148.5156079074368
148.52107209747192
148.52650174929295
148.5318968576612
148.53725741768721
148.54258342436515
148.5478748724563
148.5531317574205
148.558354074019
148.56354181759525
148.56869498302694
148.5738135658903
148.57889756117947
148.5839469638886
148.58896176959388
148.59394197398797
148.59888757159933
148.60379855846986
148.60867492936086
148.61351668043062
148.61832380655687
148.62309630354866
148.62783416721504
148.63253739243373
148.63720597536303
148.64183991134632
148.64643919619266
148.65100382536184
148.655533795245
148.66002910071984
148.66448973829392
148.66891570331063
148.67330699181184
148.67766359983943
148.68198552296963
148.68627275759354
148.69052529940382
148.6947431443259
148.69892628875095
148.703074728488
148.70718845981173
148.71126747876406
148.71531178161968
148.71932136442047
148.72329622402322
148.72723635542206
148.7311417562887
148.7350124224322
148.7388483498944
148.74264953564852
148.74641597573645
148.75014766678214
148.75384460552596
148.75750678789336
148.76113421097398
148.76472687139176
148.7682847654214
148.77180789015256
148.7752962418599
148.77874981728382
148.78216861386318
148.78555262752343
148.78890185570344
148.79221629479434
148.7954959423514
148.79874079441652
148.80195084877778
148.80512610182632
148.80826655123383
148.8113721931586
148.81444302550517
148.81747904524673
148.82048024900723
148.82344663422555
148.8263781988062
148.8292749390239
148.83213685266674
148.8349639371736
148.83775618928485
148.84051360702142
148.84323618758935
148.84592392819468
148.84857682685833
148.85119488055352
148.85377808706835
148.8563264440745
148.85883994877804
148.8613185993163
148.86376239312813
148.86617132800166
148.86854540149216
148.87088461162057
148.873188956175
148.8754584324779
148.8776930392487
148.87989277392626
148.8820576344151
148.88418761850335
148.88628272502683
148.88834295084234
148.89036829513498
148.89235875511076
148.89431432937272
148.89623501617461
148.8981208135374
148.89997171936557
148.901787732495
148.9035688509466
148.9053150730906
148.90702639729716
148.90870282205287
148.91034434526227
148.9119509664597
148.91352268285118
148.91505949397106
148.91656139795668
148.91802839317825
148.91946047870442
148.92085765313823
148.92221991496626
148.92354726279154
148.92483969591558
148.92609721247572
148.92731981165707
148.92850749229547
148.92966025322676
148.93077809351962
148.93186101166066
148.9329090070678
148.93392207869329
148.93490022560582
148.93584344664123
148.93675174121745
148.93762510828674
148.9384635470342
148.93926705699414
148.9400356367696
148.940769286477
148.94146800460294
148.9421317911474
148.94276064471342
148.94335456588306
148.9439135529101
148.94443760602735
148.9449267243035
148.94538090773858
148.94580015528481
148.94618446705863
148.9465338428272
148.9468482816592
148.9471277834382
148.94737234851345
148.94758197572082
148.94775666564237
148.9478964175796
148.9480012319982
148.9480711078504
0.0
